order,label,group,metric,med,q1,q3,whislo,whishi
0,P21-P1,Pre-R,n_genes_by_counts,1285.0,815.0,2289.25,348.0,4496.0
0,P21-P1,Pre-R,total_counts,2565.0,1487.0,6676.0,501.0,14459.0
0,P21-P1,Pre-R,pct_counts_mt,7.140301942825317,5.123762845993042,9.667161226272583,0.19654089212417603,16.474184036254883
1,P22-P1,Pre-R,n_genes_by_counts,1081.0,676.0,1637.0,193.0,3075.0
1,P22-P1,Pre-R,total_counts,3445.0,1592.0,10591.0,501.0,24082.0
1,P22-P1,Pre-R,pct_counts_mt,8.842472076416016,4.675451278686523,13.347329139709473,0.3242805004119873,24.975862503051758
2,P03-P1,Pre-R,n_genes_by_counts,1575.5,609.0,2867.25,279.0,6192.0
2,P03-P1,Pre-R,total_counts,4531.0,1249.75,11027.5,501.0,25679.0
2,P03-P1,Pre-R,pct_counts_mt,15.641071319580078,11.853945970535278,18.974929809570312,1.305087924003601,24.982362747192383
3,P04-P1,Pre-R,n_genes_by_counts,773.0,499.0,1324.0,213.0,2560.0
3,P04-P1,Pre-R,total_counts,1825.0,985.0,4629.0,501.0,10093.0
3,P04-P1,Pre-R,pct_counts_mt,12.267658233642578,7.6003828048706055,17.753623962402344,0.3233545422554016,24.98230743408203
4,P02-P1,Pre-NR,n_genes_by_counts,674.0,418.0,1545.0,206.0,3235.0
4,P02-P1,Pre-NR,total_counts,1407.0,781.0,4891.0,501.0,11055.0
4,P02-P1,Pre-NR,pct_counts_mt,16.288131713867188,11.415745735168457,19.794701099395752,0.4650562107563019,24.9973087310791
5,P25-P1,Pre-NR,n_genes_by_counts,1155.0,849.0,1574.0,228.0,2661.0
5,P25-P1,Pre-NR,total_counts,3010.0,1968.0,5301.75,499.0,10301.0
5,P25-P1,Pre-NR,pct_counts_mt,8.31008243560791,6.182081580162048,11.008783102035522,0.2521653473377228,18.21682357788086
6,P26-P1,Pre-NR,n_genes_by_counts,785.0,552.0,1503.75,304.0,2928.0
6,P26-P1,Pre-NR,total_counts,1417.0,891.0,3343.0,500.0,7018.0
6,P26-P1,Pre-NR,pct_counts_mt,13.161203384399414,10.151648759841919,16.34593963623047,0.8923884630203247,24.965579986572266
7,P01-P1,Pre-NR,n_genes_by_counts,897.0,545.0,1662.75,263.0,3338.0
7,P01-P1,Pre-NR,total_counts,1862.0,983.0,4139.0,501.0,8868.0
7,P01-P1,Pre-NR,pct_counts_mt,15.466484546661377,11.792933702468872,19.495969772338867,0.2766251862049103,24.99040412902832
8,P11-P2,Post-R,n_genes_by_counts,906.5,634.0,1342.5,155.0,2400.0
8,P11-P2,Post-R,total_counts,2090.0,1343.0,4145.0,507.0,8331.0
8,P11-P2,Post-R,pct_counts_mt,13.877070426940918,9.920297145843506,17.99406147003174,0.501474916934967,24.989587783813477
9,P12-P2,Post-R,n_genes_by_counts,852.0,618.0,1490.0,151.0,2797.0
9,P12-P2,Post-R,total_counts,2103.0,1453.0,4372.0,502.0,8745.0
9,P12-P2,Post-R,pct_counts_mt,9.575353622436523,7.056307792663574,12.350598335266113,0.27401676774024963,20.283565521240234
10,P13-P2,Post-R,n_genes_by_counts,1121.0,622.0,2143.0,257.0,4424.0
10,P13-P2,Post-R,total_counts,2456.0,1176.0,6085.0,499.0,13436.0
10,P13-P2,Post-R,pct_counts_mt,11.658943176269531,8.089867115020752,16.207423210144043,0.3274971544742584,24.994552612304688
11,P05-P2,Post-R,n_genes_by_counts,620.0,460.0,1018.0,277.0,1853.0
11,P05-P2,Post-R,total_counts,1074.5,728.75,2145.0,501.0,4265.0
11,P05-P2,Post-R,pct_counts_mt,13.109184741973877,10.03029727935791,16.46350336074829,1.2279504537582397,24.992427825927734
12,P10-P2,Post-R,n_genes_by_counts,615.0,413.0,1246.25,240.0,2493.0
12,P10-P2,Post-R,total_counts,1198.0,734.75,3617.25,497.0,7934.0
12,P10-P2,Post-R,pct_counts_mt,10.920846939086914,6.73271632194519,15.362545251846313,0.5206689834594727,24.98060417175293
13,P14-P2,Post-NR,n_genes_by_counts,1196.0,805.0,2022.5,285.0,3848.0
13,P14-P2,Post-NR,total_counts,3069.0,1803.0,7958.0,501.0,17184.0
13,P14-P2,Post-NR,pct_counts_mt,11.069040775299072,8.120352268218994,15.225406169891357,0.28171417117118835,24.99831771850586
14,P23-P2,Post-NR,n_genes_by_counts,1805.0,961.0,2714.25,220.0,5340.0
14,P23-P2,Post-NR,total_counts,4853.0,2090.0,9016.75,501.0,18856.0
14,P23-P2,Post-NR,pct_counts_mt,13.864526271820068,10.341486930847168,18.50666856765747,0.8298304080963135,24.98687744140625
15,P24-P2,Post-NR,n_genes_by_counts,924.0,523.75,1683.0,226.0,3408.0
15,P24-P2,Post-NR,total_counts,1999.5,998.5,5816.25,501.0,13033.0
15,P24-P2,Post-NR,pct_counts_mt,11.206944942474365,7.262894511222839,16.845137119293213,0.3224939703941345,24.992229461669922
16,P34-P2,Post-NR,n_genes_by_counts,806.0,536.0,1505.75,262.0,2959.0
16,P34-P2,Post-NR,total_counts,1493.0,894.0,3660.0,500.0,7803.0
16,P34-P2,Post-NR,pct_counts_mt,14.409893035888672,11.243326902389526,17.91257381439209,1.4452855587005615,24.99298667907715
17,P01-P2,Post-NR,n_genes_by_counts,892.0,471.0,1440.0,214.0,2891.0
17,P01-P2,Post-NR,total_counts,2746.0,1190.0,5554.0,501.0,12059.0
17,P01-P2,Post-NR,pct_counts_mt,7.1240105628967285,4.366168022155762,10.434001445770264,0.0,19.534414291381836
18,P06-P2,Post-NR,n_genes_by_counts,770.0,486.75,1405.0,203.0,2777.0
18,P06-P2,Post-NR,total_counts,1863.0,961.75,4509.25,501.0,9827.0
18,P06-P2,Post-NR,pct_counts_mt,12.752750873565674,9.549241304397583,16.60443878173828,0.35190993547439575,24.992244720458984
19,P15-P1,Not selected,n_genes_by_counts,970.5,507.0,1755.0,251.0,3626.0
19,P15-P1,Not selected,total_counts,2108.0,1033.75,8684.25,497.0,20111.0
19,P15-P1,Not selected,pct_counts_mt,6.238711357116699,4.127230286598206,8.70268177986145,0.07600516825914383,15.559999465942383
20,P17-P1,Not selected,n_genes_by_counts,1123.0,682.75,1630.0,239.0,3050.0
20,P17-P1,Not selected,total_counts,2821.0,1467.5,4803.25,499.0,9781.0
20,P17-P1,Not selected,pct_counts_mt,10.069252490997314,7.418689846992493,13.685905456542969,0.5568708777427673,23.061851501464844
21,P18-P1,Not selected,n_genes_by_counts,1176.0,734.0,2229.0,166.0,4468.0
21,P18-P1,Not selected,total_counts,2923.0,1595.0,7268.0,501.0,15773.0
21,P18-P1,Not selected,pct_counts_mt,13.905486106872559,10.644678115844727,18.189828872680664,1.3864564895629883,24.97944450378418
22,P19-P1,Not selected,n_genes_by_counts,995.0,617.0,1658.0,251.0,3218.0
22,P19-P1,Not selected,total_counts,2065.5,1147.75,6948.5,498.0,15649.0
22,P19-P1,Not selected,pct_counts_mt,7.920024156570435,5.320037126541138,11.86791443824768,0.32968202233314514,21.68968391418457
23,P20-P1,Not selected,n_genes_by_counts,817.0,531.0,1607.5,253.0,3220.0
23,P20-P1,Not selected,total_counts,1877.5,1103.0,4272.0,501.0,9000.0
23,P20-P1,Not selected,pct_counts_mt,8.573898792266846,5.840407609939575,12.472116947174072,0.6130410432815552,22.419353485107422
24,P28-P1,Not selected,n_genes_by_counts,621.0,443.0,1045.0,200.0,1946.0
24,P28-P1,Not selected,total_counts,2150.0,1264.0,4104.0,501.0,8363.0
24,P28-P1,Not selected,pct_counts_mt,9.038737297058105,6.382978916168213,12.896406173706055,0.4252347946166992,22.659175872802734
25,P33-P1,Not selected,n_genes_by_counts,723.0,492.0,1311.0,265.0,2534.0
25,P33-P1,Not selected,total_counts,1646.0,957.0,3794.75,500.0,8049.0
25,P33-P1,Not selected,pct_counts_mt,10.732065677642822,7.783107399940491,14.671571969985962,0.4216955006122589,24.957555770874023
26,P35-P1,Not selected,n_genes_by_counts,680.5,399.0,1559.75,229.0,3300.0
26,P35-P1,Not selected,total_counts,1493.0,809.0,5672.5,499.0,12930.0
26,P35-P1,Not selected,pct_counts_mt,7.269543409347534,5.0266841650009155,10.393764734268188,0.663129985332489,18.424591064453125
27,P29-P1,Not selected,n_genes_by_counts,783.5,477.0,1216.25,161.0,2321.0
27,P29-P1,Not selected,total_counts,2616.0,1424.0,7337.0,501.0,16190.0
27,P29-P1,Not selected,pct_counts_mt,6.025484085083008,3.187425374984741,9.471540689468384,0.2287282645702362,18.832117080688477
28,P30-P1,Not selected,n_genes_by_counts,683.0,445.0,1125.25,257.0,2145.0
28,P30-P1,Not selected,total_counts,1369.0,809.0,2860.0,496.0,5934.0
28,P30-P1,Not selected,pct_counts_mt,8.653846740722656,5.8992840051651,12.058883905410767,0.18993352353572845,21.2904109954834
29,P31-P1,Not selected,n_genes_by_counts,833.0,472.0,1392.25,232.0,2767.0
29,P31-P1,Not selected,total_counts,2039.0,957.75,4584.25,497.0,10020.0
29,P31-P1,Not selected,pct_counts_mt,9.120367527008057,6.11776876449585,12.620368719100952,0.23419202864170074,22.29943084716797
30,P32-P1,Not selected,n_genes_by_counts,929.0,606.0,1393.0,255.0,2573.0
30,P32-P1,Not selected,total_counts,2064.0,1181.0,4110.0,501.0,8502.0
30,P32-P1,Not selected,pct_counts_mt,13.677536010742188,9.93197250366211,17.987533569335938,0.770031213760376,24.98853874206543
31,P07-P2,Not selected,n_genes_by_counts,759.0,488.0,1383.0,283.0,2725.0
31,P07-P2,Not selected,total_counts,1522.0,846.0,3656.0,501.0,7871.0
31,P07-P2,Not selected,pct_counts_mt,10.506352424621582,8.155583381652832,13.643659591674805,0.044762756675481796,21.87134552001953
