Figure panel,Comparison,Hypothesis family,Test,Group 1,n (group 1),Group 2,n (group 2),Mean (group 1),Mean (group 2),"P, one-tailed (as submitted)","P, two-tailed (revised)","P, two-tailed, BH within family",Effect size measure,Effect size,Hedges g,Hedges g 95% CI lower,Hedges g 95% CI upper,Difference of means,Difference 95% CI lower,Difference 95% CI upper,Robustness under two-sided testing
Fig 2K left (CEACAM6),"CEACAM6 expression, pre-treatment epithelium",CEACAM,Mann-Whitney U,NR,4,R,4,1.1097770929336548,0.3502686247229576,0.0285714285714285,0.0571428571428571,0.0945015291998337,rank-biserial r,0.875,1.3305506711744373,0.4580911351409518,4.808907024943236,0.7595084682106972,0.1795840635895729,1.3646650724112988,"Weakened: not significant two-sided, but CI excludes zero"
Fig 2K right (CEACAM5),"CEACAM5 expression, pre-treatment epithelium",CEACAM,Mann-Whitney U,NR,4,R,4,1.140523798763752,0.3664222378283739,0.0571428571428571,0.1142857142857142,0.1523809523809523,rank-biserial r,0.75,1.6359238894010473,0.6491464252104929,8.060207968725416,0.7741015609353781,0.2479033377021551,1.2349002475384612,Not significant either way
Fig 2L left (CEACAM6),"CEACAM6 expression, PRJEB25780 deconvolved epithelium",CEACAM,Mann-Whitney U,NR,33,R,12,4.660712740544736,2.976291811659616,0.027912770395385,0.05582554079077,0.0945015291998337,rank-biserial r,0.3787878787878789,0.6603232850403064,0.0672634018873809,1.367403072786739,1.6844209288851202,0.167318305141923,3.15590145466324,"Weakened: not significant two-sided, but CI excludes zero"
Fig 2L right (CEACAM5),"CEACAM5 expression, PRJEB25780 deconvolved epithelium",CEACAM,Mann-Whitney U,NR,33,R,12,5.138742212466492,3.2826623899312537,0.029531727874948,0.059063455749896,0.0945015291998337,rank-biserial r,0.3737373737373737,0.6260140867752285,0.0550155332409414,1.3377322322979264,1.8560798225352384,0.1010346392763751,3.609689500247362,"Weakened: not significant two-sided, but CI excludes zero"
Fig 2N,"IHC staining, CEACAM5 + CEACAM6 summed",CEACAM,Mann-Whitney U,NR,4,R,4,83.16101786503309,55.29680966658124,0.0285714285714285,0.0571428571428571,0.0945015291998337,rank-biserial r,0.875,1.7843637957188316,0.7303240540662351,8.118743528729842,27.86420819845185,10.912079474841292,42.11921926527935,"Weakened: not significant two-sided, but CI excludes zero"
Fig S7C (CEACAM5),"IHC staining, CEACAM5 only",CEACAM,Mann-Whitney U,NR,4,R,4,35.0382902978412,14.706083101060432,0.1,0.2,0.2,rank-biserial r,0.625,1.4046113997283152,0.3309820348488607,6.792966225400871,20.332207196780768,3.955488437871381,34.18731157082305,Not significant either way
Fig S7C (CEACAM6),"IHC staining, CEACAM6 only",CEACAM,Mann-Whitney U,NR,4,R,4,48.12272756719189,40.59072656552081,0.1,0.2,0.2,rank-biserial r,0.625,0.6350308663868843,-0.4464626043206036,4.284427536950901,7.532001001671077,-4.863107953064714,19.23729422723629,Not significant either way
Fig S2D,"CEACAM5/6+ proportion, tumor-content adjusted (Fig. S2D)",CEACAM,Mann-Whitney U,NR,4,R,4,3.6165488541364414,-3.6165488541364414,0.0285714285714285,0.0571428571428571,0.0945015291998337,rank-biserial r,0.875,1.5355347102276138,0.731529320991632,5.081837148511309,7.233097708272884,2.314009097945866,12.088226392354043,"Weakened: not significant two-sided, but CI excludes zero"
Fig 5L,"IL-6/JAK/STAT3 module score, post-treatment CD4+ T cells",Cytokine,Mann-Whitney U,NR,6,R,5,0.1750471541348803,0.1384042421753953,0.0151515151515151,0.0303030303030303,0.0303030303030303,rank-biserial r,0.8,1.527166429441025,0.5606571314115157,4.216371010120121,0.036642911959485,0.0130350455635025,0.0588121329506937,Robust: significant two-sided
Fig 2H,"S-MP4 score, pre-treatment R vs all other groups",Metaprogram,Exact permutation (3876 permutations),Pre-R,4,All others,15,0.3916006609797477,0.5187737325827281,0.0245098039215686,0.0828173374613003,0.1656346749226006,difference in means,-0.1271730716029803,-0.9624067637027024,-1.8971561859874229,-0.2944173670088868,-0.1271730716029803,-0.2155676419908801,-0.0330135998378198,"Weakened: not significant two-sided, but CI excludes zero"
Fig 2I,"S-MP5 score, pre-treatment R vs all other groups",Metaprogram,Exact permutation (3876 permutations),Pre-R,4,All others,15,0.2901245877146721,0.3528058538834254,0.0841073271413828,0.1880804953560371,0.1880804953560371,difference in means,-0.0626812661687533,-0.740813086138577,-1.4963462346204488,-0.0979441090237907,-0.0626812661687533,-0.1189279176543156,-0.0048328462988138,Not significant either way
Fig 5J monocytes/macrophages,"CD274 expression, post-treatment monocytes/macrophages",PD-L1,Mann-Whitney U,NR,6,R,5,0.1645173355937004,0.0794917061924934,0.0259740259740259,0.0519480519480519,0.0729082729766902,rank-biserial r,0.7333333333333334,1.4076429258811207,0.573827893219421,4.538467207698795,0.0850256294012069,0.0304644718766212,0.1397127484654386,"Weakened: not significant two-sided, but CI excludes zero"
Fig 5J epithelial cells,"CD274 expression, post-treatment epithelial cells",PD-L1,Mann-Whitney U,NR,6,R,5,0.0118113371233145,0.0069038811139762,0.0411255411255411,0.0822510822510822,0.0822510822510822,rank-biserial r,0.6666666666666667,1.1192575502427964,0.490999937189621,2.53036342896646,0.0049074560093382,0.0012176277954131,0.0092279096925631,"Weakened: not significant two-sided, but CI excludes zero"
Fig 5J fibroblasts,"CD274 expression, post-treatment fibroblasts",PD-L1,Mann-Whitney U,NR,6,R,5,0.0436640052745739,0.0119022501632571,0.0273406023662588,0.0546812047325177,0.0729082729766902,rank-biserial r,0.7333333333333334,1.3370132641766137,0.6027335635969997,2.9107203646430784,0.0317617551113168,0.0101263677856574,0.0542418209835886,"Weakened: not significant two-sided, but CI excludes zero"
Fig 5J dendritic cells,"CD274 expression, post-treatment dendritic cells",PD-L1,Mann-Whitney U,NR,5,R,5,0.33831587433815,0.1259284913539886,0.0158730158730158,0.0317460317460317,0.0729082729766902,rank-biserial r,0.8400000000000001,1.4564998531889888,0.9011503254478522,3.268381979632168,0.2123873829841613,0.0787865430861711,0.3703903119266034,Robust: significant two-sided
Fig 5D,"BACH1 regulon activity, post-treatment R vs all other groups",Regulon,Exact permutation (11628 permutations),Post-R,5,All others,14,0.1346495297586618,0.2475688475038288,0.0163398692810457,0.0352597179222566,0.0384416924664602,difference in means,-0.112919317745167,-1.1381157338580217,-2.345454736439608,-0.3238839769136782,-0.112919317745167,-0.1905636665402361,-0.0295606220708067,Robust: significant two-sided
Fig 5E,"NFKB1 regulon activity, post-treatment R vs all other groups",Regulon,Exact permutation (11628 permutations),Post-R,5,All others,14,0.2322214816287618,0.338037923068915,0.0167698658410732,0.0384416924664602,0.0384416924664602,difference in means,-0.1058164414401532,-1.1129793976427182,-2.3163091862147085,-0.2864802248139037,-0.1058164414401532,-0.1794502989127712,-0.0275831869369007,Robust: significant two-sided
Fig 3H,"Neighbourhood epithelial density, CEACAM-high vs CEACAM-low spots",Spatial,Wilcoxon signed-rank (paired),CEACAM-high,10,CEACAM-low,10,0.6057573058689397,0.4293014685961644,0.0068359375,0.013671875,0.041015625,matched-pairs rank-biserial r,0.8545454545454545,0.8693958110274467,0.3151004583327029,2.530160125938275,0.1764558372727752,0.0653772076515507,0.2803873774981207,Robust: significant two-sided
Fig 3I,"Distance to stroma (µm), CEACAM-high vs CEACAM-low spots",Spatial,Wilcoxon signed-rank (paired),CEACAM-high,10,CEACAM-low,10,316.28234350760124,209.7440001193535,0.0419921875,0.083984375,0.083984375,matched-pairs rank-biserial r,0.6363636363636364,0.6154925618594713,0.0519532659850732,2.555265662460411,106.53834338824774,7.908050075117315,190.8463770256624,"Weakened: not significant two-sided, but CI excludes zero"
Fig 3J,"Distance to immune-rich regions (µm), CEACAM-high vs CEACAM-low spots",Spatial,Wilcoxon signed-rank (paired),CEACAM-high,10,CEACAM-low,10,164.42078530345975,112.94762239142578,0.0322265625,0.064453125,0.083984375,matched-pairs rank-biserial r,0.6727272727272727,0.6370775467417227,0.058334749259088,2.361056390148068,51.47316291203397,5.393662160290236,90.26741244051256,"Weakened: not significant two-sided, but CI excludes zero"
