order,sample,cell_type,proportion
0,P01-M1,B cells,0.0001596678907871627
0,P01-M1,Dendritic cells,0.001117675235510139
0,P01-M1,Endothelial cells,0.015168449624780457
0,P01-M1,Epithelial cells,0.6415455851828198
0,P01-M1,Fibroblasts,0.019160146894459523
0,P01-M1,Hepatocytes,0.0009580073447229762
0,P01-M1,Mast cells,0.04087498004151365
0,P01-M1,Monocytes/Macrophages,0.16110490180424716
0,P01-M1,Neutrophils,0.003991697269679068
0,P01-M1,Pericytes,0.015328117515567619
0,P01-M1,Plasma cells,0.0017563467986587897
0,P01-M1,T/NK cells,0.0988344243972537
1,P02-M1,B cells,0.0038463063563186485
1,P02-M1,Dendritic cells,0.01082517149768032
1,P02-M1,Endothelial cells,0.018359173638923035
1,P02-M1,Epithelial cells,0.5191720528173203
1,P02-M1,Fibroblasts,0.013918077639874698
1,P02-M1,Hepatocytes,0.14493040961180062
1,P02-M1,Mast cells,0.0024188112137673978
1,P02-M1,Monocytes/Macrophages,0.13501724889963915
1,P02-M1,Neutrophils,0.015900709782306992
1,P02-M1,Pericytes,0.010388992426345216
1,P02-M1,Plasma cells,0.00459970657044292
1,P02-M1,T/NK cells,0.12062333954558072
2,P21-M1,B cells,0.002176278563656148
2,P21-M1,Dendritic cells,0.01088139281828074
2,P21-M1,Endothelial cells,0.017410228509249184
2,P21-M1,Epithelial cells,0.588683351468988
2,P21-M1,Fibroblasts,0.041349292709466814
2,P21-M1,Hepatocytes,0.01632208922742111
2,P21-M1,Mast cells,0.03264417845484222
2,P21-M1,Monocytes/Macrophages,0.10337323177366703
2,P21-M1,Neutrophils,0.06420021762785637
2,P21-M1,Pericytes,0.001088139281828074
2,P21-M1,Plasma cells,0.018498367791077257
2,P21-M1,T/NK cells,0.10337323177366703
3,P22-M1,B cells,0.01543793320730939
3,P22-M1,Dendritic cells,0.02835538752362949
3,P22-M1,Endothelial cells,0.00630119722747322
3,P22-M1,Epithelial cells,0.09598823776517539
3,P22-M1,Fibroblasts,0.0033606385213190504
3,P22-M1,Hepatocytes,0.11793740810754043
3,P22-M1,Mast cells,0.0014702793530770846
3,P22-M1,Monocytes/Macrophages,0.16876706574249106
3,P22-M1,Neutrophils,0.010501995379122032
3,P22-M1,Pericytes,0.001260239445494644
3,P22-M1,Plasma cells,0.004095778197857593
3,P22-M1,T/NK cells,0.5465238395295106
4,P26-M1,B cells,0.03761002934115764
4,P26-M1,Dendritic cells,0.027207255268071485
4,P26-M1,Endothelial cells,0.05908242197919445
4,P26-M1,Epithelial cells,0.03427580688183516
4,P26-M1,Fibroblasts,0.005468124833288877
4,P26-M1,Hepatocytes,0.22419311816484397
4,P26-M1,Mast cells,0.005068018138170179
4,P26-M1,Monocytes/Macrophages,0.2848759669245132
4,P26-M1,Neutrophils,0.03934382502000534
4,P26-M1,Pericytes,0.0009335822886102961
4,P26-M1,Plasma cells,0.018004801280341425
4,P26-M1,T/NK cells,0.26393704987996797
5,P33-M1,B cells,0.0014061101879074523
5,P33-M1,Dendritic cells,0.005624440751629809
5,P33-M1,Endothelial cells,0.00613575354723252
5,P33-M1,Epithelial cells,0.45685798287102136
5,P33-M1,Fibroblasts,0.0003834845967020325
5,P33-M1,Hepatocytes,0.32890195577144316
5,P33-M1,Mast cells,0.00102262559120542
5,P33-M1,Monocytes/Macrophages,0.12680557330947206
5,P33-M1,Neutrophils,0.0033235331714176145
5,P33-M1,Pericytes,0.000766969193404065
5,P33-M1,Plasma cells,0.0046018151604243895
5,P33-M1,T/NK cells,0.0641697558481401
6,P03-M1,B cells,0.0026997840172786176
6,P03-M1,Dendritic cells,0.014578833693304536
6,P03-M1,Endothelial cells,0.012239020878329733
6,P03-M1,Epithelial cells,0.61321094312455
6,P03-M1,Fibroblasts,0.004319654427645789
6,P03-M1,Hepatocytes,0.09017278617710583
6,P03-M1,Mast cells,0.0030597552195824333
6,P03-M1,Monocytes/Macrophages,0.11645068394528438
6,P03-M1,Neutrophils,0.007199424046076314
6,P03-M1,Pericytes,0.0008999280057595393
6,P03-M1,Plasma cells,0.01169906407487401
6,P03-M1,T/NK cells,0.12347012239020878
7,P04-M1,B cells,0.011254460609387867
7,P04-M1,Dendritic cells,0.025391161130936042
7,P04-M1,Endothelial cells,0.013038704364534724
7,P04-M1,Epithelial cells,0.2454021410925062
7,P04-M1,Fibroblasts,0.0020587427944002198
7,P04-M1,Hepatocytes,0.2802635190776832
7,P04-M1,Mast cells,0.0006862475981334065
7,P04-M1,Monocytes/Macrophages,0.1409552566566017
7,P04-M1,Neutrophils,0.01166620916826791
7,P04-M1,Pericytes,0.0024704913532802636
7,P04-M1,Plasma cells,0.006587976942080703
7,P04-M1,T/NK cells,0.26022508921218773
8,P28-LN1_2,B cells,0.6629955947136564
8,P28-LN1_2,Dendritic cells,0.01013215859030837
8,P28-LN1_2,Endothelial cells,0.004185022026431718
8,P28-LN1_2,Epithelial cells,0.032158590308370046
8,P28-LN1_2,Fibroblasts,0.0
8,P28-LN1_2,Hepatocytes,0.0
8,P28-LN1_2,Mast cells,0.004405286343612335
8,P28-LN1_2,Monocytes/Macrophages,0.02158590308370044
8,P28-LN1_2,Neutrophils,0.0015418502202643172
8,P28-LN1_2,Pericytes,0.0
8,P28-LN1_2,Plasma cells,0.030616740088105728
8,P28-LN1_2,T/NK cells,0.23237885462555066
9,P25-M1,B cells,0.003987770836102618
9,P25-M1,Dendritic cells,0.022065665293101156
9,P25-M1,Endothelial cells,0.017280340289778016
9,P25-M1,Epithelial cells,0.11803801674863751
9,P25-M1,Fibroblasts,0.0038548451415658645
9,P25-M1,Hepatocytes,0.09743453409544064
9,P25-M1,Mast cells,0.0009304798617572776
9,P25-M1,Monocytes/Macrophages,0.18224112720988966
9,P25-M1,Neutrophils,0.023394922238468695
9,P25-M1,Pericytes,0.002392662501661571
9,P25-M1,Plasma cells,0.0034560680579556026
9,P25-M1,T/NK cells,0.5249235677256414
10,P16-M1,B cells,0.07133541992696922
10,P16-M1,Dendritic cells,0.028169014084507043
10,P16-M1,Endothelial cells,0.008607198748043818
10,P16-M1,Epithelial cells,0.22874282733437662
10,P16-M1,Fibroblasts,0.002347417840375587
10,P16-M1,Hepatocytes,0.03390714658320292
10,P16-M1,Mast cells,0.0019561815336463224
10,P16-M1,Monocytes/Macrophages,0.1429316640584246
10,P16-M1,Neutrophils,0.003390714658320292
10,P16-M1,Pericytes,0.004434011476264998
10,P16-M1,Plasma cells,0.005086071987480438
10,P16-M1,T/NK cells,0.4690923317683881
11,P10-M2,B cells,0.00014184397163120567
11,P10-M2,Dendritic cells,0.003829787234042553
11,P10-M2,Endothelial cells,0.0022695035460992908
11,P10-M2,Epithelial cells,0.7119148936170213
11,P10-M2,Fibroblasts,0.001276595744680851
11,P10-M2,Hepatocytes,0.0036879432624113474
11,P10-M2,Mast cells,0.0007092198581560284
11,P10-M2,Monocytes/Macrophages,0.05049645390070922
11,P10-M2,Neutrophils,0.013900709219858157
11,P10-M2,Pericytes,0.0014184397163120568
11,P10-M2,Plasma cells,0.0029787234042553193
11,P10-M2,T/NK cells,0.2073758865248227
12,P14-M2,B cells,0.009621678230134835
12,P14-M2,Dendritic cells,0.013156172273857835
12,P14-M2,Endothelial cells,0.011323471658594058
12,P14-M2,Epithelial cells,0.19668804817384475
12,P14-M2,Fibroblasts,0.004319937164550334
12,P14-M2,Hepatocytes,0.15361958371514597
12,P14-M2,Mast cells,0.0005236287472182222
12,P14-M2,Monocytes/Macrophages,0.2248330933368242
12,P14-M2,Neutrophils,0.02395601518523367
12,P14-M2,Pericytes,0.008050791988480167
12,P14-M2,Plasma cells,0.005367194658986778
12,P14-M2,T/NK cells,0.3485403848671292
13,P27-M1,B cells,0.0033629594042757626
13,P27-M1,Dendritic cells,0.035551285130915204
13,P27-M1,Endothelial cells,0.014773000240211385
13,P27-M1,Epithelial cells,0.06641844823444631
13,P27-M1,Fibroblasts,0.00180158539514773
13,P27-M1,Hepatocytes,0.021739130434782608
13,P27-M1,Mast cells,0.0
13,P27-M1,Monocytes/Macrophages,0.6973336536151814
13,P27-M1,Neutrophils,0.07686764352630315
13,P27-M1,Pericytes,0.0034830650972856115
13,P27-M1,Plasma cells,0.00024021138601969732
13,P27-M1,T/NK cells,0.07842901753543118
14,P08-M1,B cells,0.0004092490280335584
14,P08-M1,Dendritic cells,0.008184980560671169
14,P08-M1,Endothelial cells,0.41559238796807857
14,P08-M1,Epithelial cells,0.14262328626969512
14,P08-M1,Fibroblasts,0.011868221812973194
14,P08-M1,Hepatocytes,0.0016369961121342337
14,P08-M1,Mast cells,0.001841620626151013
14,P08-M1,Monocytes/Macrophages,0.240024554941682
14,P08-M1,Neutrophils,0.0
14,P08-M1,Pericytes,0.09371802741968488
14,P08-M1,Plasma cells,0.0004092490280335584
14,P08-M1,T/NK cells,0.0836914262328627
15,P26-B1,B cells,0.0083929126515387
15,P26-B1,Dendritic cells,0.005077194073153041
15,P26-B1,Endothelial cells,0.0
15,P26-B1,Epithelial cells,0.000725313439021863
15,P26-B1,Fibroblasts,0.0
15,P26-B1,Hepatocytes,0.0
15,P26-B1,Mast cells,0.0018650917003419335
15,P26-B1,Monocytes/Macrophages,0.12734431665112422
15,P26-B1,Neutrophils,0.6765102061962491
15,P26-B1,Pericytes,0.0
15,P26-B1,Plasma cells,0.0018650917003419335
15,P26-B1,T/NK cells,0.1782198735882292
16,P33-B1,B cells,0.01247493873914012
16,P33-B1,Dendritic cells,0.0051236355535754065
16,P33-B1,Endothelial cells,0.0
16,P33-B1,Epithelial cells,0.0005569169079973268
16,P33-B1,Fibroblasts,0.0
16,P33-B1,Hepatocytes,0.0
16,P33-B1,Mast cells,0.007351303185564714
16,P33-B1,Monocytes/Macrophages,0.1867899309423034
16,P33-B1,Neutrophils,0.5728447315660503
16,P33-B1,Pericytes,0.0
16,P33-B1,Plasma cells,0.004009801737580753
16,P33-B1,T/NK cells,0.21084874136778792
17,P34-B2,B cells,0.008732593816379515
17,P34-B2,Dendritic cells,0.004956337030918102
17,P34-B2,Endothelial cells,0.0
17,P34-B2,Epithelial cells,0.002360160490913382
17,P34-B2,Fibroblasts,0.0
17,P34-B2,Hepatocytes,0.00035402407363700734
17,P34-B2,Mast cells,0.003422232711824404
17,P34-B2,Monocytes/Macrophages,0.0855558177956101
17,P34-B2,Neutrophils,0.7690582959641256
17,P34-B2,Pericytes,0.0
17,P34-B2,Plasma cells,0.002478168515459051
17,P34-B2,T/NK cells,0.12308236960113288
18,P28-B1,B cells,0.014402810304449648
18,P28-B1,Dendritic cells,0.013466042154566744
18,P28-B1,Endothelial cells,0.0
18,P28-B1,Epithelial cells,0.005503512880562061
18,P28-B1,Fibroblasts,0.0
18,P28-B1,Hepatocytes,0.0
18,P28-B1,Mast cells,0.001990632318501171
18,P28-B1,Monocytes/Macrophages,0.2686182669789227
18,P28-B1,Neutrophils,0.11346604215456675
18,P28-B1,Pericytes,0.0
18,P28-B1,Plasma cells,0.010772833723653397
18,P28-B1,T/NK cells,0.5717798594847775
19,P27-B1,B cells,0.041505791505791506
19,P27-B1,Dendritic cells,0.012548262548262547
19,P27-B1,Endothelial cells,0.0
19,P27-B1,Epithelial cells,0.0028957528957528956
19,P27-B1,Fibroblasts,0.0
19,P27-B1,Hepatocytes,0.0
19,P27-B1,Mast cells,0.008848133848133849
19,P27-B1,Monocytes/Macrophages,0.1858108108108108
19,P27-B1,Neutrophils,0.5054697554697555
19,P27-B1,Pericytes,0.0
19,P27-B1,Plasma cells,0.013030888030888031
19,P27-B1,T/NK cells,0.2298906048906049
20,P35-B1,B cells,0.05686107390722026
20,P35-B1,Dendritic cells,0.010714720564957994
20,P35-B1,Endothelial cells,0.0
20,P35-B1,Epithelial cells,0.0023134055765250214
20,P35-B1,Fibroblasts,0.0
20,P35-B1,Hepatocytes,0.0
20,P35-B1,Mast cells,0.008401314988432973
20,P35-B1,Monocytes/Macrophages,0.1648605868744673
20,P35-B1,Neutrophils,0.36259588457323755
20,P35-B1,Pericytes,0.0
20,P35-B1,Plasma cells,0.0017046146353342263
20,P35-B1,T/NK cells,0.3925483988798247
21,P25-B1,B cells,0.01576775714706749
21,P25-B1,Dendritic cells,0.00618921308576481
21,P25-B1,Endothelial cells,0.0
21,P25-B1,Epithelial cells,0.001326259946949602
21,P25-B1,Fibroblasts,0.0
21,P25-B1,Hepatocytes,0.0
21,P25-B1,Mast cells,0.002357795461243737
21,P25-B1,Monocytes/Macrophages,0.15296198054818744
21,P25-B1,Neutrophils,0.6249631594459181
21,P25-B1,Pericytes,0.0
21,P25-B1,Plasma cells,0.0007368110816386678
21,P25-B1,T/NK cells,0.1956970232832302
22,P29-B1,B cells,0.05439905734485467
22,P29-B1,Dendritic cells,0.008444619010212097
22,P29-B1,Endothelial cells,0.0
22,P29-B1,Epithelial cells,0.003927729772191673
22,P29-B1,Fibroblasts,0.0
22,P29-B1,Hepatocytes,0.0
22,P29-B1,Mast cells,0.00432050274941084
22,P29-B1,Monocytes/Macrophages,0.23016496465043204
22,P29-B1,Neutrophils,0.20149253731343283
22,P29-B1,Pericytes,0.0
22,P29-B1,Plasma cells,0.002945797329143755
22,P29-B1,T/NK cells,0.49430479183032205
23,P30-B1,B cells,0.0020849336113244817
23,P30-B1,Dendritic cells,0.0001097333479644464
23,P30-B1,Endothelial cells,0.0
23,P30-B1,Epithelial cells,0.0002194666959288928
23,P30-B1,Fibroblasts,0.0
23,P30-B1,Hepatocytes,0.0001097333479644464
23,P30-B1,Mast cells,0.0
23,P30-B1,Monocytes/Macrophages,0.016569735542631407
23,P30-B1,Neutrophils,0.9680675957423461
23,P30-B1,Pericytes,0.0
23,P30-B1,Plasma cells,0.001975200263360035
23,P30-B1,T/NK cells,0.010863601448480193
24,P31-B1,B cells,0.07416666666666667
24,P31-B1,Dendritic cells,0.04145833333333333
24,P31-B1,Endothelial cells,0.0
24,P31-B1,Epithelial cells,0.008125
24,P31-B1,Fibroblasts,0.0
24,P31-B1,Hepatocytes,0.0
24,P31-B1,Mast cells,0.002916666666666667
24,P31-B1,Monocytes/Macrophages,0.4175
24,P31-B1,Neutrophils,0.07958333333333334
24,P31-B1,Pericytes,0.0
24,P31-B1,Plasma cells,0.0077083333333333335
24,P31-B1,T/NK cells,0.36854166666666666
25,P32-B1,B cells,0.008437270726338958
25,P32-B1,Dendritic cells,0.00036683785766691124
25,P32-B1,Endothelial cells,0.0
25,P32-B1,Epithelial cells,0.0020176082171680116
25,P32-B1,Fibroblasts,0.0
25,P32-B1,Hepatocytes,0.0
25,P32-B1,Mast cells,0.0012839325018341892
25,P32-B1,Monocytes/Macrophages,0.08125458547322084
25,P32-B1,Neutrophils,0.7551357300073368
25,P32-B1,Pericytes,0.0
25,P32-B1,Plasma cells,0.005135730007336757
25,P32-B1,T/NK cells,0.14636830520909758
26,P09-M1,B cells,0.00020100502512562814
26,P09-M1,Dendritic cells,0.013668341708542713
26,P09-M1,Endothelial cells,0.3282412060301508
26,P09-M1,Epithelial cells,0.3001005025125628
26,P09-M1,Fibroblasts,0.0657286432160804
26,P09-M1,Hepatocytes,0.0020100502512562816
26,P09-M1,Mast cells,0.0006030150753768845
26,P09-M1,Monocytes/Macrophages,0.20904522613065327
26,P09-M1,Neutrophils,0.0018090452261306533
26,P09-M1,Pericytes,0.03879396984924623
26,P09-M1,Plasma cells,0.0
26,P09-M1,T/NK cells,0.03979899497487437
27,P28-LN1_1,B cells,0.3491955276793019
27,P28-LN1_1,Dendritic cells,0.004499590946277611
27,P28-LN1_1,Endothelial cells,0.004772293427870194
27,P28-LN1_1,Epithelial cells,0.006817562039814562
27,P28-LN1_1,Fibroblasts,0.000545404963185165
27,P28-LN1_1,Hepatocytes,0.0
27,P28-LN1_1,Mast cells,0.0008181074447777475
27,P28-LN1_1,Monocytes/Macrophages,0.011317152986092174
27,P28-LN1_1,Neutrophils,0.0009544586855740388
27,P28-LN1_1,Pericytes,0.0
27,P28-LN1_1,Plasma cells,0.011317152986092174
27,P28-LN1_1,T/NK cells,0.6097627488410144
28,P35-LN1_2,B cells,0.42201834862385323
28,P35-LN1_2,Dendritic cells,0.012267975250693407
28,P35-LN1_2,Endothelial cells,0.14284190313633455
28,P35-LN1_2,Epithelial cells,0.002560273095796885
28,P35-LN1_2,Fibroblasts,0.0014934926392148496
28,P35-LN1_2,Hepatocytes,0.0
28,P35-LN1_2,Mast cells,0.00480051205461916
28,P35-LN1_2,Monocytes/Macrophages,0.007040751013441433
28,P35-LN1_2,Neutrophils,0.0009601024109238319
28,P35-LN1_2,Pericytes,0.004480477917644549
28,P35-LN1_2,Plasma cells,0.018028589716236398
28,P35-LN1_2,T/NK cells,0.38350757414124176
29,P29-PLN1,B cells,0.049093240520241804
29,P29-PLN1,Dendritic cells,0.00842645173108628
29,P29-PLN1,Endothelial cells,0.019234291994870856
29,P29-PLN1,Epithelial cells,0.640318739695915
29,P29-PLN1,Fibroblasts,0.07373145264700495
29,P29-PLN1,Hepatocytes,0.0024729803993405386
29,P29-PLN1,Mast cells,0.017952005861879464
29,P29-PLN1,Monocytes/Macrophages,0.04716981132075472
29,P29-PLN1,Neutrophils,0.02747755999267265
29,P29-PLN1,Pericytes,0.0015570617329181168
29,P29-PLN1,Plasma cells,0.02527935519325884
29,P29-PLN1,T/NK cells,0.08728704891005679
30,P30-LN1_2,B cells,0.39870190078813167
30,P30-LN1_2,Dendritic cells,0.0038247566063977748
30,P30-LN1_2,Endothelial cells,0.23064441353732035
30,P30-LN1_2,Epithelial cells,0.004288363467779323
30,P30-LN1_2,Fibroblasts,0.0004636068613815484
30,P30-LN1_2,Hepatocytes,0.0
30,P30-LN1_2,Mast cells,0.0001159017153453871
30,P30-LN1_2,Monocytes/Macrophages,0.0026657394529439036
30,P30-LN1_2,Neutrophils,0.0
30,P30-LN1_2,Pericytes,0.0005795085767269356
30,P30-LN1_2,Plasma cells,0.012285581826611033
30,P30-LN1_2,T/NK cells,0.3464302271673621
31,P31-LN1_2,B cells,0.3936269915651359
31,P31-LN1_2,Dendritic cells,0.007146204311152765
31,P31-LN1_2,Endothelial cells,0.001991565135895033
31,P31-LN1_2,Epithelial cells,0.011715089034676664
31,P31-LN1_2,Fibroblasts,0.0
31,P31-LN1_2,Hepatocytes,0.0
31,P31-LN1_2,Mast cells,0.00023430178069353328
31,P31-LN1_2,Monocytes/Macrophages,0.0014058106841611997
31,P31-LN1_2,Neutrophils,0.0
31,P31-LN1_2,Pericytes,0.0
31,P31-LN1_2,Plasma cells,0.00902061855670103
31,P31-LN1_2,T/NK cells,0.5748594189315839
32,P32-PLN1,B cells,0.06334278403983128
32,P32-PLN1,Dendritic cells,0.004563999723393956
32,P32-PLN1,Endothelial cells,0.0019362423068944056
32,P32-PLN1,Epithelial cells,0.3503907060369269
32,P32-PLN1,Fibroblasts,0.00027660604384205796
32,P32-PLN1,Hepatocytes,0.0008298181315261738
32,P32-PLN1,Mast cells,0.0074683631837355645
32,P32-PLN1,Monocytes/Macrophages,0.19673604868266373
32,P32-PLN1,Neutrophils,0.0022128483507364636
32,P32-PLN1,Pericytes,0.0004149090657630869
32,P32-PLN1,Plasma cells,0.05179448170942535
32,P32-PLN1,T/NK cells,0.32003319272526104
33,P35-LN1_1,B cells,0.25509495136637333
33,P35-LN1_1,Dendritic cells,0.00856878184344604
33,P35-LN1_1,Endothelial cells,0.0009263547938860583
33,P35-LN1_1,Epithelial cells,0.0030106530801296896
33,P35-LN1_1,Fibroblasts,0.0
33,P35-LN1_1,Hepatocytes,0.0
33,P35-LN1_1,Mast cells,0.0006947660954145438
33,P35-LN1_1,Monocytes/Macrophages,0.0020842982862436313
33,P35-LN1_1,Neutrophils,0.0012737378415933302
33,P35-LN1_1,Pericytes,0.0
33,P35-LN1_1,Plasma cells,0.007874015748031496
33,P35-LN1_1,T/NK cells,0.7204724409448819
34,P29-LN1,B cells,0.48482362592288764
34,P29-LN1,Dendritic cells,0.006015859994531037
34,P29-LN1,Endothelial cells,0.0010937927262783702
34,P29-LN1,Epithelial cells,0.008203445447087777
34,P29-LN1,Fibroblasts,0.0
34,P29-LN1,Hepatocytes,0.0
34,P29-LN1,Mast cells,0.0010937927262783702
34,P29-LN1,Monocytes/Macrophages,0.008750341810226962
34,P29-LN1,Neutrophils,0.0013672409078479629
34,P29-LN1,Pericytes,0.0
34,P29-LN1,Plasma cells,0.016406890894175553
34,P29-LN1,T/NK cells,0.4722450095706864
35,P30-LN1_1,B cells,0.4622665320545179
35,P30-LN1_1,Dendritic cells,0.00441696113074205
35,P30-LN1_1,Endothelial cells,0.004921756688541141
35,P30-LN1_1,Epithelial cells,0.003407370015143867
35,P30-LN1_1,Fibroblasts,0.0
35,P30-LN1_1,Hepatocytes,0.0
35,P30-LN1_1,Mast cells,0.0013881877839475012
35,P30-LN1_1,Monocytes/Macrophages,0.002523977788995457
35,P30-LN1_1,Neutrophils,0.0
35,P30-LN1_1,Pericytes,0.0
35,P30-LN1_1,Plasma cells,0.02713276123170116
35,P30-LN1_1,T/NK cells,0.4939424533064109
36,P31-LN1_1,B cells,0.34203606311044327
36,P31-LN1_1,Dendritic cells,0.0033809166040570998
36,P31-LN1_1,Endothelial cells,0.0007513148009015778
36,P31-LN1_1,Epithelial cells,0.008264462809917356
36,P31-LN1_1,Fibroblasts,0.0
36,P31-LN1_1,Hepatocytes,0.0
36,P31-LN1_1,Mast cells,0.0011269722013523666
36,P31-LN1_1,Monocytes/Macrophages,0.002441773102930128
36,P31-LN1_1,Neutrophils,0.0
36,P31-LN1_1,Pericytes,0.0
36,P31-LN1_1,Plasma cells,0.004320060105184072
36,P31-LN1_1,T/NK cells,0.6376784372652141
37,P32-LN1,B cells,0.5090370370370371
37,P32-LN1,Dendritic cells,0.0025185185185185185
37,P32-LN1,Endothelial cells,0.005481481481481481
37,P32-LN1,Epithelial cells,0.002962962962962963
37,P32-LN1,Fibroblasts,0.0
37,P32-LN1,Hepatocytes,0.0
37,P32-LN1,Mast cells,0.0014814814814814814
37,P32-LN1,Monocytes/Macrophages,0.0044444444444444444
37,P32-LN1,Neutrophils,0.0007407407407407407
37,P32-LN1,Pericytes,0.00014814814814814815
37,P32-LN1,Plasma cells,0.0035555555555555557
37,P32-LN1,T/NK cells,0.4696296296296296
