cell,phase,gene,coefC_base,coefC_perm1,coefC_perm2,coefC_perm3,coefC_perm4,coefC_perm5,coefC_perm6,range_across_labellings,sign_flips
MoMac,post,ACTB,0.24649925858762442,0.023628201619824707,0.4429310241883874,-0.4446615711374737,-0.06940372083593216,0.2246983558250911,-0.24822980553671112,0.8875925953258611,1
MoMac,post,ACTG1,0.47840804185077934,0.06417253670214036,0.05868338291292631,-0.2991684639267817,0.4599420295785465,-0.09347332065702846,-0.7188931228646341,1.1973011647154135,1
MoMac,post,AGR2,-0.05549778978016364,0.07783668886892639,-0.7945926682160173,0.16389699702151111,0.6902612520470431,-0.5188093708480206,-0.5751978814143435,1.4848539202630604,1
MoMac,post,ANXA2,0.556420963661695,0.02478626543617082,-0.265728401299289,-0.2838316084680937,0.4310590306410949,-0.4708755717360583,-1.105980973429078,1.662401937090773,1
MoMac,post,APOE,0.7009554885006389,-0.20386957141430012,-0.6542291930108288,1.2596383358257492,1.225524544665267,-0.317812500328206,-0.09554634568571732,1.913867528836578,1
MoMac,post,ATP5F1E,-0.06917519545866109,0.27808244060379583,-0.2955180279229857,-0.19519591217279328,-0.11347789808251409,-0.3933555039091548,-0.4215387446371181,0.699621185240914,1
MoMac,post,B2M,0.018158045399829455,-0.23150760535172318,-0.16913020353129957,0.3265384212918343,-0.3521096463650431,-0.19817003844576228,0.1392501723607059,0.6786480676568774,1
MoMac,post,BTG1,-0.172038452353754,0.5037721471844776,0.13429511319525483,0.16688833126775693,0.23038131070227472,0.9819307069249079,0.4732218968167638,1.1539691592786618,1
MoMac,post,CALR,-0.9521133870738422,0.17622687937338688,-0.631475322350097,-0.38983051541475283,-0.21172297369750404,0.17830123333209477,-0.06919245069100692,1.1304146204059369,1
MoMac,post,CCL3,0.36673190505971553,-0.6557479476127996,1.2629644940152285,-0.37972537135975987,-0.39596254700878036,0.3653211451155994,0.5165072175957522,1.9187124416280281,1
MoMac,post,CCL4,0.6556651241860341,-1.0197082236197228,1.2841531445699068,-0.7067264129338374,-0.41186132008093207,-0.11621104506690995,-0.07823839254996377,2.3038613681896294,1
MoMac,post,CCL4L2,0.07853283899846086,-1.3779093363719783,0.6738382338624175,-0.5854771852781478,-0.5300689976839341,-0.6421123255599915,0.009828209585809426,2.051747570234396,1
MoMac,post,CD52,0.14209405194463054,0.46286911120660246,-0.5941372375861623,-0.3032217551746521,-0.20021665968619445,-0.47466772152749787,-1.039453044705445,1.5023221559120477,1
MoMac,post,CD63,0.8105587549117546,0.23993892575974698,-0.4846457108346451,0.1985885583588608,0.6576104010705655,-0.8354543291528801,-1.0966159073875381,1.9071746622992927,1
MoMac,post,CD74,-1.645963460183157,-0.27360775426448514,-0.19670483993983395,-0.5066263428564823,-1.1805559285673823,0.6812804167542867,0.9426322773868405,2.5885957375699977,1
MoMac,post,CFL1,0.23124227143906553,0.1466941307978454,-0.14597312995789327,-0.2321752507746969,0.23537102691184508,-0.048736879795690406,-0.6093906521716553,0.8447616790835004,1
MoMac,post,CHCHD2,0.186015290726109,0.203910840019902,-0.21395091227964416,0.028400605823675734,0.21740892353671076,-0.05695008824859798,-0.3715655971820775,0.5889745207187882,1
MoMac,post,COX7C,-0.06575321372888421,0.2504144052262811,-0.23014193300456967,-0.1367313973952599,-0.20336622913619962,-0.18555012311648406,-0.3011201166709452,0.5515345218972263,1
MoMac,post,CST3,-0.8245236413592423,-0.08978544903677069,0.26279284869601943,0.046090628569045874,-1.3632097413961024,0.46611778327881825,1.1334071186243082,2.496616860020411,1
MoMac,post,CTSB,-0.09803924613185137,-0.09054327458861458,-1.0051746892060631,-0.1765516284022771,0.35607028923924994,-0.8577223970955958,-1.0836870714764881,1.4397573607157381,1
MoMac,post,CTSD,-0.5161857704331323,-0.2008897821070944,-1.274403285045373,-0.10443390638099972,0.3776852271990952,-0.6206386676483259,-0.8626514209932392,1.6520885122444682,1
MoMac,post,CXCL8,0.6505839205906936,-0.7699833348839703,1.4646998058250982,-0.3037614444320982,0.298925278584745,0.5888801531095268,0.5103544408023096,2.2346831407090684,1
MoMac,post,DDX5,-0.30870660986014886,0.31173602846872833,0.013813295834997217,0.23434226385862728,-0.09060494779447809,0.541657756053525,0.5568621695537728,0.8655687794139216,1
MoMac,post,DNAJB1,-0.3333598133223871,1.0655878195338515,-0.10658111527375976,-0.22523024014279067,0.4690831083793153,1.4559006953201665,0.0015484579058368294,1.7892605086425537,1
MoMac,post,DUSP1,-0.8529895273615543,0.06563042448453157,0.28946863998421024,0.055656366380691255,-0.595627715442905,0.7967924637990824,1.1981145337264565,2.0511040610880107,1
MoMac,post,EEF1A1,-0.10382991053102185,0.14166327906566015,0.24661217910102778,0.2985550247265715,0.29002316230264924,0.5813630472839229,0.6489971143586212,0.752827024889643,1
MoMac,post,EEF1B2,-0.046090843087961714,0.25307990923800117,-0.07316519117178114,0.02094833407759549,-0.05236663139784006,0.26693408067383917,-0.006126014006223516,0.3400992718456203,1
MoMac,post,EEF2,-0.4729793242643333,0.20572017901959183,-0.19900395338752813,0.11281570309099796,-0.005591053874669261,0.4134508962086757,0.3867910739678033,0.886430220473009,1
MoMac,post,EGR1,-0.5502523726059697,-0.31527152623057814,0.43253984224820924,-0.15036134551320365,-0.18636624590015138,0.5288895846747804,0.8324308693409761,1.3826832419469457,1
MoMac,post,EIF1,0.16971181510496686,0.2748680119670814,0.49747951006622115,0.21144779178621848,-0.3247313241934807,0.6219463541511425,0.5392154867474728,0.9466776783446232,1
MoMac,post,FAU,0.1570929382986357,0.6344156287961403,0.061174145804654904,0.020071791945975803,-0.12425726058725159,0.3274835268806954,-0.0758470005480051,0.758672889383392,1
MoMac,post,FOS,-0.6637525762095472,-0.32518696990583235,0.5926448258170008,0.12863510600784808,-0.8372662701343059,0.3150151857650045,1.3850325080343961,2.2222987781687022,1
MoMac,post,FTH1,1.22456376802794,0.4374710867869192,0.6981775717122428,0.2817604411802662,0.5438219264071213,0.35074322788510465,-0.24462575513543033,1.4691895231633703,1
MoMac,post,FTL,0.23108082249836953,0.11964312316145456,-0.9393390936764991,0.06060953161496191,0.0501347335800689,-0.9129525199209655,-1.1098103845599072,1.3408912070582768,1
MoMac,post,GAPDH,0.8771554047300267,0.3455350602581948,0.4918797523922463,-0.18830138799802226,0.11778908567472576,0.275902485437099,-0.5735770403358029,1.4507324450658297,1
MoMac,post,GSTP1,-0.2614156015628851,0.05373726865927462,-0.27920741004397664,-0.3590093478711021,-0.2987684409564793,-0.04330292903153038,-0.3768011563521928,0.43053842501146744,1
MoMac,post,H3-3B,0.013665214355949074,0.26516999254435736,0.5608289994277991,0.13578774783004055,-0.256146622440723,0.8171294611708597,0.6829515329018908,1.0732760836115827,1
MoMac,post,HLA-A,0.0821793553610586,0.24983207315888503,-0.520146481782054,0.447165701957875,0.5761085632901902,-0.5589991653402255,-0.15516013518523736,1.1351077286304156,1
MoMac,post,HLA-B,0.6578003853927031,-0.12485611607178475,-0.4205544243290378,0.9107549514776575,0.8615230977706527,-0.635956006760741,-0.1675998582440843,1.5467109582383984,1
MoMac,post,HLA-C,0.3038832575825708,-0.2863409905424105,-0.3809182845875381,0.833508712689536,0.5082770820603052,-0.41686906965169696,0.1487071705194276,1.250377782341233,1
MoMac,post,HLA-DPA1,-0.8597186463789767,-0.26398898583139513,-0.2973819407579276,-0.44226028664283384,-0.8655402054539166,0.03577581700024809,0.12007641897821465,0.9856166244321313,1
MoMac,post,HLA-DPB1,-1.0885351732390103,-0.1184009298041197,-0.240157345069144,-0.3532555754403278,-1.0953778003992538,0.18709226654585984,0.49512225272954014,1.5905000531287938,1
MoMac,post,HLA-DRA,-0.7352959734540733,-0.14806678309253046,0.1836114110694464,-0.14907151980419042,-0.6425533735933584,0.5033636929989221,0.7698358647193295,1.5051318381734027,1
MoMac,post,HLA-DRB1,-0.9236563102508656,0.2788031668679476,-0.34978623357957767,-0.18879970566810297,-0.264214573421745,0.6373887727132077,0.3850703710031818,1.5610450829640734,1
MoMac,post,HLA-E,-0.39693528646046633,-0.19358310139965282,-0.17423547568790249,0.3005242322769767,-0.28781608520589524,0.04125883253415425,0.5232240430495396,0.9201593295100059,1
MoMac,post,HNRNPA2B1,-0.2187445211382991,0.1959671541611047,-0.15951101302447418,-0.0054100492143299315,0.3404901225720067,0.4373457815228835,0.053823458899495,0.6560903026611826,1
MoMac,post,HSP90AA1,-0.020072726440429955,0.9012128886660293,-0.28932301991668025,0.2981363641414782,1.0143684298641042,0.8771036347914767,0.028886070665228202,1.3036914497807846,1
MoMac,post,HSP90AB1,-0.1898520642731979,0.7708219765555014,-0.30999309114738655,0.12129958339615428,0.6657806493418006,0.8672911568095892,0.0011585565219679244,1.1772842479569758,1
MoMac,post,HSP90B1,-0.01438592066329228,-0.13966632386956634,-0.37220810723248676,-0.0020762649258443287,0.31816783417589933,-0.3102379579308006,-0.3598984514950384,0.6903759414083861,1
MoMac,post,HSPA1A,-0.4885686417099819,1.055652999931379,0.02000209572648508,-0.22373959670088414,0.36254077819771013,1.6137588075542948,0.284831140735582,2.1023274492642767,1
MoMac,post,HSPA8,-0.06380912810656779,0.2507698137438181,-0.07378305261992615,0.28555601719775137,0.31242873410004873,0.6109621340406511,0.275582092684391,0.6847451866605773,1
MoMac,post,IER2,-0.6836434891943143,-0.4039731115943657,0.4412303248515848,-0.20136617594880704,-0.4976608536317728,0.5794435719289415,0.9235076380970915,1.6071511272914059,1
MoMac,post,IFI27,0.05003264777231167,0.32129607466972876,-0.4264311734131787,0.09617836467907578,0.2815579838336986,-0.07830785699422727,-0.3802854565064143,0.7477272480829075,1
MoMac,post,IFITM2,0.47256811730488296,0.13825309448750417,0.3430577358650343,0.2503492016637577,0.044349521545361044,0.11197944006316729,0.12083882022390906,0.4282185957595219,0
MoMac,post,IFITM3,0.7333844412099791,0.17074537185004438,0.16826746166044576,0.18598965626295277,0.2519814184879067,-0.06629391070698533,-0.3791273232865792,1.1125117644965583,1
MoMac,post,IGFBP7,-0.008101607674453939,0.2065205260404658,-0.123675208554901,0.08174974352949269,0.0253478701934057,0.08063325214124867,-0.03382385735095417,0.3301957345953668,1
MoMac,post,IGHA1,-0.14676827934200865,1.3162621106720795,-0.8518209837569792,-0.31185090462286974,-0.1303749334189665,0.11094089748661486,-1.0169036090378392,2.3331657197099185,1
MoMac,post,IGHA2,-0.17317837729037788,0.5252450401302423,-0.7844964554399197,-0.005057334779100794,0.1139152076331015,-0.2902684717959884,-0.6163754129286418,1.309741495570162,1
MoMac,post,IGHG1,-0.5361585500390447,0.05385725089604221,-0.3484119712414655,-0.3851006514574911,-0.13543269551904397,-0.15946355407407792,-0.19735407265991012,0.5900158009350869,1
MoMac,post,IGHG3,-0.25618596261102694,0.02768085730264372,-0.371442621161703,-0.047934730264690396,0.10731418073301931,-0.2080276569872529,-0.16319138881536616,0.4787568018947223,1
MoMac,post,IGHG4,-0.31697058322869104,0.00024392564150812378,-0.35879677823044115,-0.24153890630233735,-0.07225430567352341,-0.23931955987717332,-0.28336510130408726,0.35904070387194925,1
MoMac,post,IGHM,-0.09638099203277688,0.21690096889151572,-0.3023800024038883,0.18794720142143595,0.15706082618372721,0.23970808093469662,-0.018051808949676458,0.5420880833385849,1
MoMac,post,IGKC,0.21597328596187867,0.9795705744215975,-0.5161170353267697,-0.13771818939625885,0.1035150487624897,-0.050256113747194645,-0.8698085106849059,1.8493790851065035,1
MoMac,post,IGLC2,-0.16532303387926298,0.3993814713756593,-0.6978272501690729,0.15792807362181938,-0.10035778061400628,-0.38600381098762454,-0.37457614266799216,1.0972087215447321,1
MoMac,post,IGLC3,-0.20532469603646666,0.3448643385693202,-0.41485549209995487,0.12660566121236042,0.07668380716099488,-0.11278369539410713,-0.08292513485112724,0.7597198306692751,1
MoMac,post,ITM2B,-0.6730799102451531,-0.18733544579619688,-0.2288948820232352,0.11150126831553113,-0.48004952825000974,0.17177284385143265,0.5556862965374493,1.2287662067826024,1
MoMac,post,JCHAIN,-0.15205614053457875,0.2862841014798367,-0.38536330936442215,-0.040054785096300005,0.16438008938789642,-0.05554279384752387,-0.27336195392614315,0.6716474108442588,1
MoMac,post,JUN,-0.5706697856906903,-0.18002011512717156,0.3491982610222653,-0.10867579124558475,-0.22650812608557663,0.6139870574796665,0.8111922554673697,1.38186204115806,1
MoMac,post,JUNB,-1.0107598385419196,0.04764662177295501,0.39666131305174673,0.16577339332868868,-0.8238341213788247,0.7810482695804369,1.5731945449223574,2.583954383464277,1
MoMac,post,KRT18,-0.14761088704292444,0.1368716406129183,-0.27577160731533357,-0.137456970677621,0.07111893475038016,-0.08265102291808864,-0.26561769095002985,0.41264324792825186,1
MoMac,post,KRT8,-0.0657722142613423,0.09500633304485347,-0.4804997941689578,0.1258507178881956,0.2994347367030131,-0.25570356548928636,-0.2888768620194201,0.779934530871971,1
MoMac,post,LGALS1,0.697838462699201,0.11454193523357009,-0.0675083247121446,-0.4560617107546188,0.1917752926171404,-0.5891346180199311,-1.221408498165968,1.919246960865169,1
MoMac,post,LGALS3,0.11363275840023444,0.26605332255727837,-0.8680258240115564,-0.12699586992679895,0.22609203019505295,-0.5908938669350083,-1.1086544523385893,1.3747077748958676,1
MoMac,post,LYZ,-1.1818795487007905,-0.7957141776325396,0.016141936972321254,-0.18731652921214276,-1.08100819090388,-0.20478191006258464,1.010704956460968,2.1925845051617587,1
MoMac,post,MALAT1,0.12997375789205778,-0.28098681634140915,0.14581210058677224,0.12776780585443634,0.5621814839277408,-0.15844743068642372,0.1436061485491516,0.8431683002691499,1
MoMac,post,MT-ATP6,0.022983273525767414,-0.16609741459163732,0.0695131806107075,-0.25704263998881055,-0.6765523868279657,-0.19110478520520374,-0.21051273290387088,0.7460655674386732,1
MoMac,post,MT-CO1,0.0017374433108765606,-0.4421541005070676,0.2943878701812064,0.05679061444939398,-0.8347584620068458,-0.0859678928457706,0.3494410413197241,1.1841995033265698,1
MoMac,post,MT-CO2,0.02261443580761736,-0.40045311781886134,-0.0005437555962320392,-0.14535983650400003,-0.7702458888988829,-0.39485863651438957,-0.16851802790784948,0.7928603247065003,1
MoMac,post,MT-CO3,0.23175101447573493,-0.36884765969966193,0.05277253189038736,0.05648221903525579,-0.5469206075275692,-0.5075284952762625,-0.12249626355009181,0.7786716220033041,1
MoMac,post,MT-CYB,0.04651286592970172,-0.3508795347083691,0.131427773534336,0.28639763180203337,-0.8751865880236545,0.052890127936594575,0.371312539406668,1.2464991274303223,1
MoMac,post,MT-ND1,0.13676192238342666,-0.2795492930444842,-0.03499512657777139,0.14707375197890213,-0.4589429201707188,-0.38292138823897043,-0.024683296982295568,0.606016672149621,1
MoMac,post,MT-ND2,-0.1452571733986694,-0.24761826638766224,0.03180162950472817,-0.040813273740785326,-0.7083984980893233,-0.13284770086074363,0.13624552916261232,0.8446440272519357,1
MoMac,post,MT-ND3,-0.07907594236270336,-0.028324467677973787,-0.08299060306247158,0.18882465515140107,-0.6470203649836282,-0.4708739577947305,0.18490999445163295,0.8358450201350294,1
MoMac,post,MT-ND4,0.022640459532181217,-0.36295172549482874,-0.07125990689375,-0.02550362777642056,-0.5319620231477106,-0.3638795575237026,-0.11940399420235169,0.5546024826798918,1
MoMac,post,MT-ND4L,-0.5219396484021763,-0.958763748695555,-0.04415644915224217,-0.036125425673890044,-0.4902104132497072,-0.4642292233918503,0.44165777357604413,1.4004215222715992,1
MoMac,post,MT-ND5,-0.05591558954752196,-0.45188480830990774,0.15142978120701053,0.13321672742311808,-0.5525089139443278,-0.3002352527258872,0.3405620981776506,0.8930710121219784,1
MoMac,post,MT-RNR1,-0.3001915813642248,0.7715374739009119,0.553498248352024,0.23708826852526071,0.13725714028319114,0.9764744716611891,1.0907780982415092,1.390969679605734,1
MoMac,post,MT-RNR2,-0.39636832495052665,1.295360879138872,0.3829248172598723,-0.11228136363769692,0.7891709949857587,0.9311792150370747,0.6670117785727024,1.6917292040893988,1
MoMac,post,MTATP6P1,-0.3949163241274672,-1.2034826095147984,0.25615590741286925,-0.4911668891886322,-0.755485336817303,-0.4638647148571917,0.15990534235170403,1.4596385169276676,1
MoMac,post,MYL12B,0.26144602541831824,0.14733715353107002,-0.1307272502106116,0.06499261971595588,0.06068734783574142,-0.055344189733055785,-0.3271806559129746,0.5886266813312928,1
MoMac,post,MYL6,0.5119014786478078,0.41164747235432364,0.05218135808616388,-0.41510946855769104,-0.12672356029013332,-0.09101065125812668,-0.8748295891193356,1.3867310677671434,1
MoMac,post,NACA,0.07331114737224569,0.2404688501354435,-0.17921384453584002,0.09784072796980912,0.03824380119744403,0.10223431761333297,-0.1546842639382762,0.4196826946712835,1
MoMac,post,NDUFA4,-0.22697428831759917,-0.018499158644219017,-0.3756494014531484,-0.29209197168439827,-0.3523760754326672,-0.31253098477373575,-0.4407670848199475,0.42226792617572845,0
MoMac,post,NFKBIA,0.0825745269683011,-0.6779105424676157,0.9783464831529989,-0.4046820297618798,0.17125340364545968,0.6007373901431752,0.49108992642281707,1.6562570256206146,1
MoMac,post,NPM1,-0.3293318706545886,0.20238884404997098,-0.3355001322332266,-0.07216394128542128,-0.09920763743512827,0.10382555127300616,-0.07833220286405922,0.5378889762831975,1
MoMac,post,OAZ1,0.12177460833372755,0.29455049358190283,0.019065550253247205,-0.04941846731834959,-0.09439347261585027,0.22459985500811352,-0.15212752539882987,0.44667801898073267,1
MoMac,post,PABPC1,-0.045058006223118285,0.11749179852120337,0.13161989882206,0.26775563331368574,-0.20304556659274148,0.3157214693412786,0.4444335383588637,0.6474791049516051,1
MoMac,post,PFN1,0.2032744422150578,0.07256693437884666,0.3404565667570317,-0.5259646418865623,-0.48131430662261016,0.2626195402019579,-0.3887825173445894,0.8664212086435941,1
MoMac,post,PGC,-0.13669445788312315,-0.10009527286230943,-0.11150020790093668,0.03522830881572721,-0.0020550665044078713,-0.16575925804423855,0.060422558797913896,0.22618181684215244,1
MoMac,post,PPIA,0.21684211870846573,0.1269195654666729,-0.2456255820329403,-0.09105103219927344,0.43072018301636356,-0.15224378869605568,-0.5535187329406799,0.9842389159570435,1
MoMac,post,PPP1R15A,-0.25337055955022275,-0.23286451181583448,0.15396737413235098,-0.1047405692644589,0.3648908234207004,0.41932211720569207,0.30259736441811447,0.6726926767559148,1
MoMac,post,PSAP,-0.5088408312266752,-0.08133217503465293,-0.8608485039938165,0.043326626512403016,0.11068270802156258,-0.4416270998949537,-0.3086810462547381,0.9715312120153791,1
MoMac,post,PSMA7,-0.04115139976954886,0.023077402086499426,-0.29387601433467503,-0.4116743284098541,-0.2765787075895419,-0.39870964316757496,-0.6643989429749808,0.6874763450614803,1
MoMac,post,PTMA,-0.40844061577357454,-0.15490170461008523,-0.295981436954678,-0.24675381244592653,-0.24799866350471186,-0.08357818935717115,-0.13429463362703012,0.3248624264164034,0
MoMac,post,RACK1,0.2203221978900654,0.31922449928036145,0.014044589345102094,0.153933543637071,0.048311017611862905,0.22223596500241619,-0.05234406490789231,0.3715685641882538,1
MoMac,post,REG4,-0.2464211359585694,0.21765644164415182,-0.23118347108528386,-0.07201767387877706,0.23969402339834286,0.15523149632571978,-0.05678000900549201,0.4861151593569123,1
MoMac,post,RGS1,-0.4526626686210209,-0.3916328144681354,-0.21804268545836078,-0.16164886255170183,-0.45920505819948826,-0.3704861939322339,0.07297112061095803,0.5321761788104463,1
MoMac,post,RPL10,0.007010015243640105,0.22507108936021586,-0.14374398236173383,0.17301516320935487,0.019592399071916965,0.327430676596954,0.022261165603980743,0.4711746589586878,1
MoMac,post,RPL11,-0.11969643480407134,0.2952499072689458,-0.044296051397040695,0.0038891339406083103,-0.3848294749540294,0.3472946452620416,0.07928951734763884,0.7321241202160711,1
MoMac,post,RPL12,0.4243963898248248,0.4500875290420278,-0.1915640158829156,0.38018555999331366,0.4567703228413096,0.048402530673948424,-0.235774845714427,0.6925451685557366,1
MoMac,post,RPL13,0.030174395544334837,0.18025231255383914,0.11784313802763749,0.10722264159956656,-0.2204338713376623,0.41058696408093254,0.1948913840828691,0.6310208354185949,1
MoMac,post,RPL13A,-0.2271329041984211,0.19292377467835015,0.01265146575084624,0.11652615193887654,-0.2392306539144429,0.513486496652133,0.35631052188814377,0.7527171505665758,1
MoMac,post,RPL14,0.07868640896722517,0.2328701896722971,-0.002574481807833282,0.11225209748053327,-0.08232155525075435,0.23417603546186583,0.030991206705473714,0.3164975907126202,1
MoMac,post,RPL15,-0.31692029424023066,0.14539009145152137,0.04649474955059476,-0.04293923972539469,-0.6487235559914405,0.5074622100612334,0.3204758040654308,1.156185766052674,1
MoMac,post,RPL18,-0.17543071378080216,0.26953961786687236,-0.01702953659873086,-0.016841195254454114,-0.22212932340038635,0.4955363746560867,0.14155998192761682,0.7176656980564731,1
MoMac,post,RPL18A,-0.15786600129347503,0.10059176512212084,0.12363538899396692,-0.038181015640873735,-0.36166854105799323,0.46913675842173624,0.24332037464656808,0.8308052994797295,1
MoMac,post,RPL19,0.2962406285474288,0.2928022251498196,-0.048439430671226386,0.19808336105989782,0.11125300516409042,0.19702685406378648,-0.14659669815875656,0.44283732670618536,1
MoMac,post,RPL21,-0.1780739204418125,0.08601077842837401,0.2531553197217668,-0.010903182763902492,-0.43836240560443235,0.3814894384310719,0.42032605739967704,0.8586884630041094,1
MoMac,post,RPL23,0.1429832842882157,0.4305041303688484,-0.004443046661812624,-0.04215722266038591,-0.18745641189226644,0.08552783094860944,-0.18958355361041415,0.6200876839792625,1
MoMac,post,RPL23A,-0.08038005098643371,0.2938754038854769,0.09400401735291343,-0.02442611561719173,-0.31749369938718613,0.41127343766274793,0.1499579527221556,0.728767137049934,1
MoMac,post,RPL24,0.15362748467448875,0.42296691575290296,-0.06665440610243258,0.06132319019424241,0.09312823346651113,0.11561880787524141,-0.15895870058267894,0.5819256163355819,1
MoMac,post,RPL27,0.18319325636459535,0.5219418557104968,-0.1390663869753941,0.11111627091789104,0.07725121707437714,0.08045222262522692,-0.21114337242209905,0.7330852281325958,1
MoMac,post,RPL27A,0.026522572039850836,0.22528484038302615,-0.04014846241393464,0.11461016421848741,-0.24158159894001832,0.19252383150520666,0.04793912976470184,0.4668664393230445,1
MoMac,post,RPL28,0.13343508941609905,0.44418200879167397,0.04273156083559294,-0.02668613736725208,-0.07566196482292648,0.24695275918903198,-0.11738966594775802,0.5615716747394319,1
MoMac,post,RPL29,-0.4059239851031898,0.20112562706476791,0.10105867399866719,-0.2875476773982272,-0.5000664733216509,0.4410386248722752,0.21943498170363004,0.9411050981939261,1
MoMac,post,RPL3,-0.019979414143293895,0.17206733343489372,-0.10301409464253297,0.337948023928228,0.14872199692667323,0.34651677585422364,0.2549133434289886,0.4495308704967566,1
MoMac,post,RPL30,0.2910844412922346,0.4307368756783963,0.04166183363458998,0.3302122782631123,0.08320882555316757,0.31832124379361193,0.08078967060546759,0.38907504204380633,0
MoMac,post,RPL31,-0.1431881355521697,0.20353315274260375,0.08490803717692691,0.01579802381590784,-0.5868458625350782,0.27661618895673573,0.24389419654500447,0.8634620514918139,1
MoMac,post,RPL32,-0.0766852689232842,0.3831489649069101,-0.03985395427259799,-0.07896265557947188,-0.10534412101001878,0.2549500084882084,-0.04213134092878638,0.48849308591692886,1
MoMac,post,RPL34,-0.6316699366471091,0.26626898851514547,0.003294036252377061,-0.3359508985674368,-0.5510205786328745,0.2567019891585372,0.2990130743320489,0.930683010979158,1
MoMac,post,RPL35,0.005189465331041621,0.2865114140590107,-0.32948707149925943,-0.11707396240508175,-0.017465686472322828,-0.1654913160134437,-0.4517504992353826,0.7382619132943933,1
MoMac,post,RPL35A,0.1413823341688039,0.48083436872684393,0.031231133841426114,0.0067333411236300805,-0.025765856819794018,0.16726990121864457,-0.10341785920374758,0.5842522279305915,1
MoMac,post,RPL36,-0.23884662386962277,0.23823486902345425,-0.1030303100328884,-0.034953315593813636,-0.3736664189325214,0.09013567304475598,0.1008629982429206,0.6119012879559756,1
MoMac,post,RPL37,-0.10448930477870166,0.44923632293090754,-0.05903073526186746,0.15369348319322532,-0.02403418422142632,0.23467730747178975,0.19915205271005978,0.5537256277096092,1
MoMac,post,RPL37A,-0.02753102469064902,0.44108242213154597,-0.08769114021413886,0.10131680535617303,-0.0497637207454976,0.10653851799418955,0.04115668983268342,0.5287735623456848,1
MoMac,post,RPL38,0.16168638491147044,0.562301395168332,-0.20378101826518155,0.10594011964366945,0.055639075988924036,-0.04995372934107279,-0.2595272835329828,0.8218286787013148,1
MoMac,post,RPL39,-0.2800652583151097,0.4826098122592309,0.0008562211222694269,-0.25405687006284206,-0.3043322549798488,0.2714157941229312,0.026864609374536923,0.7869420672390797,1
MoMac,post,RPL4,-0.11558606258160276,0.2152152184093152,-0.024575347825562952,0.07292723851538103,0.01895581185469984,0.3246384761432081,0.16393795327142102,0.4402245387248109,1
MoMac,post,RPL41,-0.28945700802470853,0.08306124384484546,-0.002943664166569925,-0.2146496455457551,-0.4395873516201615,0.10826289497586931,0.07186369831238326,0.5478502465960308,1
MoMac,post,RPL5,-0.7154964544289668,0.11345333498545218,-0.07754741356900204,-0.04259976223739408,-0.6210814875580298,0.5749964941090208,0.5953492786225694,1.3108457330515362,1
MoMac,post,RPL6,-0.000588006554514258,0.15249780587481673,-0.043146275319048744,0.13854062453693822,0.03077033374364869,0.0847083666099348,0.09598235577240341,0.19564408119386548,1
MoMac,post,RPL7,-0.05012310281031544,0.08276928733264463,-0.04944125850396411,0.09331806154926987,0.00963324053274325,0.1814258687103653,0.09399990585562099,0.23154897152068077,1
MoMac,post,RPL7A,0.035328795097804275,0.3452548637350096,-0.1832415011630135,0.1758329516602974,0.08870412147424092,0.2069277476612129,-0.04273734460052118,0.5284963648980231,1
MoMac,post,RPL8,-0.07892652751935589,0.32155178459303846,-0.2658580298763609,-0.028688105801288544,0.034186487625320346,0.22241634317225098,-0.215619608158294,0.5874098144693993,1
MoMac,post,RPL9,-0.1503523102258777,0.46131688182783676,-0.16105168254121072,0.07060873858555741,-0.03594227492675888,0.3146855059914765,0.05990936627022475,0.6223685643690475,1
MoMac,post,RPLP0,-0.1753596245834728,0.1918214832743803,-0.03931804268544357,-0.038021702117283215,-0.11581474031129063,0.31311691166661826,0.09801987978074628,0.488476536250091,1
MoMac,post,RPLP1,-0.06957613084798994,0.22284178767150686,0.1338580700206945,-0.1369261798056442,-0.2337314595796511,0.3776777179117077,0.06650802106304028,0.6114091774913588,1
MoMac,post,RPLP2,0.13737414919795163,0.5547958118020248,0.06578615226176919,-0.03631845065085004,-0.015694502498176586,0.3299636441693147,-0.1079064475870322,0.6627022593890569,1
MoMac,post,RPS11,0.10122268754039546,0.304560659558158,-0.06543219147588514,0.1163228161909775,0.10074280677556868,0.0936931197019781,-0.05033206282530354,0.3699928510340431,1
MoMac,post,RPS12,0.2977154326049257,0.5489282309700715,-0.030151944959625348,0.2125434053388411,0.25577017714857975,0.20925796735290794,-0.11532397222571021,0.6642522031957817,1
MoMac,post,RPS13,0.03322641462341145,0.19923497480070554,0.1282078961579804,0.07132519126806282,-0.2451778242212963,0.328704602283449,0.1663066728026316,0.5738824265047453,1
MoMac,post,RPS14,-0.03993296179148361,0.22474746917922972,0.028306100483149008,-0.007957223244700025,-0.10424847829011329,0.3069596535366849,0.0602818390299326,0.4112081318267982,1
MoMac,post,RPS15,-0.04374454445965357,0.28418635730592945,-0.0351043149937093,-0.12481855063556392,-0.23010216777646642,0.1833570780281381,-0.11617832116961967,0.5142885250823959,1
MoMac,post,RPS16,0.7263007152824352,0.6841177232695073,0.3730388693120074,0.3871063971449826,0.3123942477514291,0.5246425424028517,0.03384455117455487,0.6924561641078804,0
MoMac,post,RPS18,-0.5450006659719617,-0.26809553017137117,-0.10860045714862895,-0.3802103781961486,-0.5905306816191678,0.04637510707366641,0.05618983062718443,0.6467205122463522,1
MoMac,post,RPS19,-0.505800062500417,0.15884818667964637,0.053981115620556366,-0.16987280725517678,-0.6554780654451897,0.28205628023233476,0.38990837086579644,1.0453864363109862,1
MoMac,post,RPS2,-0.2847156366399559,0.11146965769447365,-0.03122359957735723,-0.07977309137803151,-0.31284438101463924,0.4418586446170479,0.1737189456845671,0.7547030256316871,1
MoMac,post,RPS20,0.24635613653372423,0.3839020834031765,0.02431051255250864,0.11115703993281248,0.11834101738403718,0.16282294103767625,-0.11088858404840272,0.49479066745157924,1
MoMac,post,RPS21,0.1247921929417252,0.3750960645103998,-0.2679227355869164,0.08440334113756665,0.21490450766281885,-0.09616242431629722,-0.30831158739107456,0.6834076519014743,1
MoMac,post,RPS23,0.2906359036461101,0.2886435261698006,0.011856969459296257,0.22261903514442202,0.05515179533523743,0.1305379906444194,-0.05615989904239186,0.34679580268850196,1
MoMac,post,RPS24,0.013070018982762197,0.14097538582389363,-0.05906462941286445,0.12276846605284433,0.14323628834602783,0.23342893484995014,0.050633817657217674,0.2924935642628146,1
MoMac,post,RPS25,0.07890479996491813,0.2167747437372453,-0.006710413216982415,0.05118186036999352,0.004698574318621319,0.15849211092898838,-0.034433352811907,0.2512080965491523,1
MoMac,post,RPS26,-0.37180940313557587,0.5501274090949227,-0.23622365556992783,-0.5727875257944448,-0.42646131174927054,0.11199435049748642,-0.43720177822879724,1.1229149348893674,1
MoMac,post,RPS27,-0.5400787736989545,-0.06489920223078598,0.27273110524314054,0.03318111515196231,-0.8232791039284241,0.4570762808079974,0.845990994094058,1.6692700980224822,1
MoMac,post,RPS27A,0.270127058621371,0.27973799931560056,-0.04916981905392971,0.21291714416770607,0.12547829282534043,0.14760419775614367,-0.1063797335075943,0.38611773282319484,1
MoMac,post,RPS28,-0.0803700299921599,0.17192474577801897,0.009552047608671246,0.009585833432411033,-0.1912309184463189,-0.18786717633577693,0.09950791103324214,0.36315566422433787,1
MoMac,post,RPS29,-0.3868188403014869,0.47673402154551486,-0.1768831052985415,0.2215829855461267,-0.4184678761049315,0.17605235436214864,0.43151872054907225,0.8952018976504463,1
MoMac,post,RPS3,-0.11050351541032857,0.14303512378835376,-0.06789754314428051,-0.034633542278441384,-0.17537171421546105,0.46776847052838305,0.007972429987607093,0.643140184743844,1
MoMac,post,RPS3A,-0.10936497520951897,0.050634243019596674,0.11607868409203875,0.08424145603823371,-0.3970565583636689,0.37973172911342257,0.30968511533979176,0.7767882874770915,1
MoMac,post,RPS4X,0.0029805267994428212,0.198965584046761,-0.10501308048508137,0.16003535760171556,0.27545942917429694,0.1665607625110243,0.05204175031719135,0.3804725096593783,1
MoMac,post,RPS5,-0.02078460068202455,0.06919805739585022,-0.08175502204939401,-0.09454170228905624,-0.25977612664344696,0.10570725180452559,-0.15551212365642592,0.3654833784479725,1
MoMac,post,RPS6,-0.16434216759876744,0.26713395564340847,-0.11820740838359646,-0.005694065910722036,-0.052509391600978256,0.2339830948084665,0.040440693304448924,0.4314761232421759,1
MoMac,post,RPS7,-0.3416422144581303,0.16858464589072042,-0.08148909688146079,-0.2199477847155287,-0.28035090190883005,0.2781741083871734,0.0402053328611403,0.6198163228453037,1
MoMac,post,RPS8,0.03596914942087295,0.28892129193520016,-0.1409158719215491,0.10008862652669191,0.089349279729398,0.03621372607886301,-0.07679639481572971,0.4298371638567493,1
MoMac,post,RPS9,0.31414904782247993,0.20552129009600645,0.2612618271494181,0.3323149605225564,-0.02355722976715651,0.35595638755972786,0.2794277398494944,0.3795136173268844,1
MoMac,post,S100A10,1.080586799455205,0.304115487886582,0.32187524889825925,-0.003743340643330551,0.8274034751555703,-0.08382405023276357,-0.7624548912002774,1.8430416906554825,1
MoMac,post,S100A11,0.6434046200019805,0.3126815326278883,-0.10737114819428617,-0.38138716895407193,-0.038727244404734885,-0.38288215365876,-1.132162937150339,1.7755675571523195,1
MoMac,post,S100A4,0.8570001405022791,0.23499557021250791,0.7507280447134563,0.03852342587219758,0.2998303576961836,0.2762441171730023,-0.06774866991662451,0.9247488104189037,1
MoMac,post,S100A6,1.073087571868502,0.38721067504797974,-0.21762403220127516,0.2619182109902744,1.188433193975666,-0.5518277464039343,-1.028793393079503,2.217226587055169,1
MoMac,post,S100A8,1.6877380398240198,0.10233911055132011,1.37587418105012,0.7809531175985449,0.1707370248949296,0.04980520923165197,0.46908925882464336,1.637932830592368,0
MoMac,post,S100A9,2.354058681726207,0.46151390053695573,1.702735020259862,0.5358077896833705,0.5377199200484082,0.2511957619834977,-0.11551587178297337,2.46957455350918,1
MoMac,post,SAT1,-0.20063185356149466,-0.11001383550389646,0.20656264857822987,0.12058527501601599,0.33400307412576347,0.4951895331263926,0.5277797771557404,0.728411630717235,1
MoMac,post,SERF2,0.08898711586622349,0.05819194348452311,-0.20011320113330924,-0.31253058330318834,-0.1741511730869189,-0.38521889617173033,-0.6016309003027216,0.690618016168945,1
MoMac,post,SERPINA1,0.22967937022322993,0.42085284072423845,0.19230055699987122,0.26248230839357484,0.07466120122982631,0.5599892972976069,0.2251034951702165,0.4853280960677806,0
MoMac,post,SH3BGRL3,0.9440229051295548,0.3229646734655179,-0.040478086642976814,-0.06723361379410854,-0.004170366093047266,-0.3383826432434742,-1.05173460556664,1.9957575106961947,1
MoMac,post,SPP1,0.4981498823081183,0.09845441137139874,-0.7441271247898151,-2.2329370492856446,0.4538292458358464,-1.2086572900151735,-2.23293704928563,2.731086931593763,1
MoMac,post,SRGN,0.8934633192429682,0.13372722788147806,0.8571562619380386,0.31278607770845746,0.6384593406371546,0.4115295774715938,0.2764790204035287,0.7597360913614901,0
MoMac,post,TFF1,-0.10970099281410549,0.4876077944993084,-0.49364466228191234,0.5249863485819636,0.14383009296973862,-0.032800601878753534,0.14104267911415677,1.0186310108638759,1
MoMac,post,TIMP1,1.473353572425338,0.8013183191477382,1.1906987546228942,-0.17596332947978233,0.6783468790197832,1.03336685824882,-0.45861814728222283,1.9319717197075608,1
MoMac,post,TMSB10,0.2852552814096026,-0.021560327851710154,-0.10602730696776612,-0.09717728267953335,-0.012837765232690614,-0.4664464313684684,-0.48845987105690175,0.7737151524665044,1
MoMac,post,TMSB4X,-0.6920005432660145,-0.03424865339005427,-0.6517642847193693,-0.45866625311186027,-0.34180390666131133,-0.30762663504148646,-0.4184299945652146,0.6577518898759602,0
MoMac,post,TPT1,0.5671671949887952,0.47257246538504605,0.20725041450420725,0.29109620422597654,0.479495334186073,0.15622730473293822,-0.0688205762586115,0.6359877712474067,1
MoMac,post,TUBA1B,-0.11164730576917294,0.01865723939105829,-0.5491367347148962,0.07978887555120728,-0.07040328984723956,-0.2519571137468772,-0.35770055339451545,0.6289256102661035,1
MoMac,post,TXN,0.282400470472476,0.005448100907066046,-0.3063864322510114,-0.28589365575071035,0.5688536248754265,-0.28149982504109367,-0.8746805584741972,1.4435341833496236,1
MoMac,post,TYROBP,0.21427401302924415,0.014653063793015265,-0.09622561451686953,-0.1046119297296799,-0.5275214506503856,-0.2850689866172112,-0.41511155727579346,0.7417954636796298,1
MoMac,post,UBA52,0.28695485619562033,0.5273406075889471,-0.014545712944722478,0.12652264194199653,0.07219047338219226,0.1753026946308126,-0.1749779271983466,0.7023185347872937,1
MoMac,post,UBB,-0.09473360463373201,0.27298895398619205,-0.08518006822784766,-0.024406889852606636,0.038651801450962676,0.4298583556922221,-0.014853353446723524,0.5245919603259541,1
MoMac,post,UBC,-0.27330512227327164,0.43005293017991675,-0.027255678504347625,0.1994326131608822,0.28140666082296295,0.5227554477829301,0.4454820569298072,0.7960605700562018,1
MoMac,post,VIM,0.7727863003187352,0.3477337616544486,-0.052403013240660004,0.06001302428936894,1.1052780375149092,-0.18790852049496123,-0.7651762892700262,1.8704543267849354,1
MoMac,post,ZFP36,-0.2454079662702259,-0.16976644378835484,0.5469591622001264,0.1123362482711159,-0.30108030142817693,0.41296479730695207,0.9047033767414694,1.2057836781696463,1
