group,gene,mean_scaled,fraction
T/NK cells,CD3D,1.0,0.6199528756559923
T/NK cells,CD3E,1.0,0.5819014978809345
T/NK cells,NKG7,1.0,0.46593430132039965
T/NK cells,GNLY,1.0,0.2653421869979651
T/NK cells,CD79A,0.03898480907082558,0.041011949387230524
T/NK cells,MS4A1,0.05556793883442879,0.060160039168285925
T/NK cells,JCHAIN,0.051997046917676926,0.09196132131764562
T/NK cells,MZB1,0.026640601456165314,0.04381186982664973
T/NK cells,CD14,0.03194459527730942,0.0455713826710935
T/NK cells,LYZ,0.14994531869888306,0.21226609954252665
T/NK cells,FCGR3B,0.01662514917552471,0.026691044844627365
T/NK cells,CSF3R,0.01553519256412983,0.032275585611774966
T/NK cells,TPSAB1,0.0024322792887687683,0.01090897963555134
T/NK cells,KIT,0.0006832952494733036,0.0028917211095641
T/NK cells,EPCAM,0.043491557240486145,0.049082758304135624
T/NK cells,KRT18,0.08981256186962128,0.11953977264034027
T/NK cells,ALB,0.07536008208990097,0.10343640508575713
T/NK cells,APOA1,0.04006868600845337,0.0419835064795973
T/NK cells,PECAM1,0.0590515099465847,0.07058706528557658
T/NK cells,VWF,0.0029381397180259228,0.006984500986857204
T/NK cells,COL1A1,0.006558529566973448,0.017503327774292754
T/NK cells,DCN,0.000764859898481518,0.006885050260866905
T/NK cells,RGS5,0.007046487182378769,0.015315411802506158
T/NK cells,ACTA2,0.03603855147957802,0.04513532948790526
B cells,CD3D,0.06336060166358948,0.05798556234248858
B cells,CD3E,0.06152397021651268,0.045576865576011275
B cells,NKG7,0.00965304858982563,0.02095168937678869
B cells,GNLY,0.02417745627462864,0.024262099013284355
B cells,CD79A,1.0,0.8471231472384776
B cells,MS4A1,1.0,0.9489556191533894
B cells,JCHAIN,0.16476309299468994,0.21007218828755714
B cells,MZB1,0.11338412016630173,0.13425312887104351
B cells,CD14,0.0,0.02095168937678869
B cells,LYZ,0.0,0.10260134124983981
B cells,FCGR3B,0.0014640839071944356,0.007624620904702917
B cells,CSF3R,0.0010848961537703872,0.01362607321344667
B cells,TPSAB1,0.00853138417005539,0.01742770492503524
B cells,KIT,0.0002226040232926607,0.0024561103754645254
B cells,EPCAM,0.0,0.0233223698261501
B cells,KRT18,0.011557498015463352,0.0570671906368801
B cells,ALB,2.1340345483622514e-05,0.009739011575754988
B cells,APOA1,0.0,0.004549143564990817
B cells,PECAM1,0.05548916384577751,0.0680876511041818
B cells,VWF,0.011305555701255798,0.013092136175302208
B cells,COL1A1,0.0,0.011703899876126607
B cells,DCN,0.0,0.00604416727179531
B cells,RGS5,0.0,0.008607065054888728
B cells,ACTA2,0.007453815545886755,0.020396394857118447
Plasma cells,CD3D,0.025108730420470238,0.03504746835443038
Plasma cells,CD3E,0.02565857023000717,0.025237341772151898
Plasma cells,NKG7,0.023034583777189255,0.02978639240506329
Plasma cells,GNLY,0.10067623108625412,0.04659810126582278
Plasma cells,CD79A,0.751379668712616,0.6558544303797469
Plasma cells,MS4A1,0.037471041083335876,0.04632120253164557
Plasma cells,JCHAIN,1.0,0.9165348101265823
Plasma cells,MZB1,1.0,0.9206882911392406
Plasma cells,CD14,0.037184033542871475,0.05233386075949367
Plasma cells,LYZ,0.3097633123397827,0.35296677215189876
Plasma cells,FCGR3B,0.008150627836585045,0.017365506329113923
Plasma cells,CSF3R,0.016258111223578453,0.03528481012658228
Plasma cells,TPSAB1,0.026749245822429657,0.039596518987341775
Plasma cells,KIT,0.0047692121006548405,0.006487341772151899
Plasma cells,EPCAM,0.1384076178073883,0.11325158227848102
Plasma cells,KRT18,0.19574163854122162,0.21748417721518987
Plasma cells,ALB,0.0055676172487437725,0.017563291139240506
Plasma cells,APOA1,0.008961006999015808,0.014200949367088607
Plasma cells,PECAM1,0.3479449450969696,0.30470727848101264
Plasma cells,VWF,0.012101785279810429,0.014873417721518987
Plasma cells,COL1A1,0.03662831708788872,0.04564873417721519
Plasma cells,DCN,0.018050123006105423,0.024011075949367088
Plasma cells,RGS5,0.018415816128253937,0.029390822784810127
Plasma cells,ACTA2,0.016813989728689194,0.031170886075949367
DC cells,CD3D,0.024625452235341072,0.04705495228693649
DC cells,CD3E,0.03499259427189827,0.042941757156959526
DC cells,NKG7,0.14007195830345154,0.12898979927607765
DC cells,GNLY,0.04961366206407547,0.04491609081934847
DC cells,CD79A,0.02256111241877079,0.03718328397499177
DC cells,MS4A1,0.019588468596339226,0.0338927278710102
DC cells,JCHAIN,0.06951367110013962,0.1564659427443238
DC cells,MZB1,0.01557034719735384,0.044257979598552155
DC cells,CD14,0.3222784698009491,0.35110233629483384
DC cells,LYZ,0.8771660327911377,0.8927278710102007
DC cells,FCGR3B,0.015805859118700027,0.03652517275419546
DC cells,CSF3R,0.18187789618968964,0.34402764067127345
DC cells,TPSAB1,0.0069200932048261166,0.024679170779861797
DC cells,KIT,0.021255431696772575,0.029615004935834157
DC cells,EPCAM,0.07251657545566559,0.0970714050674564
DC cells,KRT18,0.13859616219997406,0.23050345508390918
DC cells,ALB,0.09569062292575836,0.17653833497861138
DC cells,APOA1,0.07522138208150864,0.10513326752221125
DC cells,PECAM1,0.24833278357982635,0.3130964132938467
DC cells,VWF,0.0061018760316073895,0.013162224415926292
DC cells,COL1A1,0.030629828572273254,0.05561039815728858
DC cells,DCN,0.01368019636720419,0.027311615663047056
DC cells,RGS5,0.012102977372705936,0.030766699572227708
DC cells,ACTA2,0.0304253026843071,0.057749259624876606
Monocytes/Macrophages,CD3D,0.025089969858527184,0.04504385772232717
Monocytes/Macrophages,CD3E,0.029013553634285927,0.0360380149072325
Monocytes/Macrophages,NKG7,0.1822776198387146,0.1480179823983365
Monocytes/Macrophages,GNLY,0.17156405746936798,0.08557747221368009
Monocytes/Macrophages,CD79A,0.010400013066828251,0.019988577955454025
Monocytes/Macrophages,MS4A1,0.009614833630621433,0.018787798913441404
Monocytes/Macrophages,JCHAIN,0.05455581098794937,0.11949215832710978
Monocytes/Macrophages,MZB1,0.009922071360051632,0.03262604519029419
Monocytes/Macrophages,CD14,1.0,0.8561408133081463
Monocytes/Macrophages,LYZ,1.0,0.9405614374203751
Monocytes/Macrophages,FCGR3B,0.03617868945002556,0.06544245778968795
Monocytes/Macrophages,CSF3R,0.3149678707122803,0.506479813732812
Monocytes/Macrophages,TPSAB1,0.004344201646745205,0.016781619294469096
Monocytes/Macrophages,KIT,0.0,0.0028115801959319947
Monocytes/Macrophages,EPCAM,0.09390092641115189,0.10525853358520405
Monocytes/Macrophages,KRT18,0.13579612970352173,0.20925771354098024
Monocytes/Macrophages,ALB,0.07826157659292221,0.14728580005564587
Monocytes/Macrophages,APOA1,0.07410826534032822,0.10388203078094568
Monocytes/Macrophages,PECAM1,0.49407604336738586,0.5311982896220475
Monocytes/Macrophages,VWF,0.012132828123867512,0.01839242044838847
Monocytes/Macrophages,COL1A1,0.0448470376431942,0.064578482625313
Monocytes/Macrophages,DCN,0.016322672367095947,0.027163964913822138
Monocytes/Macrophages,RGS5,0.011075572110712528,0.025436014585072265
Monocytes/Macrophages,ACTA2,0.03610282391309738,0.059570355401309144
Neutrophils,CD3D,0.019256066530942917,0.025471250837870094
Neutrophils,CD3E,0.02917785570025444,0.022708323115405365
Neutrophils,NKG7,0.1667017936706543,0.08447365409452809
Neutrophils,GNLY,0.29493412375450134,0.08498046332172576
Neutrophils,CD79A,0.008632327429950237,0.010920921411872415
Neutrophils,MS4A1,0.007887418381869793,0.010512204293164615
Neutrophils,JCHAIN,0.06643147766590118,0.08413033171481354
Neutrophils,MZB1,0.00933583453297615,0.01904621773178348
Neutrophils,CD14,0.4163288474082947,0.27714290385338497
Neutrophils,LYZ,0.74474036693573,0.5755881439338205
Neutrophils,FCGR3B,1.0,0.9813788480716726
Neutrophils,CSF3R,1.0,0.9973024670165285
Neutrophils,TPSAB1,0.000850173644721508,0.007062631811270783
Neutrophils,KIT,0.00024705889518372715,0.0020926316477839356
Neutrophils,EPCAM,0.006090502720326185,0.021694704661010023
Neutrophils,KRT18,0.0,0.03822322494155345
Neutrophils,ALB,0.0052033765241503716,0.012980855690159727
Neutrophils,APOA1,0.008116697892546654,0.009711118740497326
Neutrophils,PECAM1,0.46492505073547363,0.31922441839554005
Neutrophils,VWF,0.0006970573449507356,0.00441414488204424
Neutrophils,COL1A1,0.01027577556669712,0.016397730802556933
Neutrophils,DCN,0.0038879343774169683,0.007683881831706639
Neutrophils,RGS5,0.00039335174369625747,0.00702993444177416
Neutrophils,ACTA2,0.0,0.011640263540798142
Mast cells,CD3D,0.014642458409070969,0.024602689486552566
Mast cells,CD3E,0.011617163196206093,0.014669926650366748
Mast cells,NKG7,0.054584380239248276,0.04263447432762836
Mast cells,GNLY,0.057463664561510086,0.03040953545232274
Mast cells,CD79A,0.030122796073555946,0.03117359413202934
Mast cells,MS4A1,0.016939247027039528,0.020171149144254278
Mast cells,JCHAIN,0.25763529539108276,0.2797982885085575
Mast cells,MZB1,0.052890803664922714,0.06372249388753057
Mast cells,CD14,0.028394678607583046,0.03942542787286064
Mast cells,LYZ,0.31804159283638,0.31952933985330073
Mast cells,FCGR3B,0.009846478700637817,0.016045232273838632
Mast cells,CSF3R,0.015850666910409927,0.028881418092909537
Mast cells,TPSAB1,1.0,0.9167176039119804
Mast cells,KIT,1.0,0.7275366748166259
Mast cells,EPCAM,0.20742608606815338,0.1378361858190709
Mast cells,KRT18,0.23379844427108765,0.22172982885085574
Mast cells,ALB,0.0,0.009321515892420537
Mast cells,APOA1,0.009707861579954624,0.013141809290953545
Mast cells,PECAM1,0.009411608800292015,0.030103911980440098
Mast cells,VWF,0.01541115902364254,0.01573960880195599
Mast cells,COL1A1,0.028109684586524963,0.035452322738386305
Mast cells,DCN,0.011366856284439564,0.01619804400977995
Mast cells,RGS5,0.027583343908190727,0.0331601466992665
Mast cells,ACTA2,0.011142882518470287,0.022004889975550123
Epithelial cells,CD3D,0.007330970373004675,0.02345136001820945
Epithelial cells,CD3E,0.008558238856494427,0.014955848781238911
Epithelial cells,NKG7,0.012022942304611206,0.023839649735896046
Epithelial cells,GNLY,0.040091510862112045,0.029951865464307472
Epithelial cells,CD79A,0.008752662688493729,0.014098933542206423
Epithelial cells,MS4A1,0.005553239956498146,0.010396791923573873
Epithelial cells,JCHAIN,0.13125228881835938,0.16691771605310196
Epithelial cells,MZB1,0.014905733056366444,0.03177281034725151
Epithelial cells,CD14,0.035816676914691925,0.05397896540874188
Epithelial cells,LYZ,0.742289125919342,0.639472997127995
Epithelial cells,FCGR3B,0.0020488929003477097,0.009486319482101853
Epithelial cells,CSF3R,0.004218914080411196,0.01914000522182724
Epithelial cells,TPSAB1,0.011160392314195633,0.020237927871837615
Epithelial cells,KIT,0.003715939586982131,0.006728123556466028
Epithelial cells,EPCAM,1.0,0.6325842019642104
Epithelial cells,KRT18,1.0,0.819056991558046
Epithelial cells,ALB,0.05529508739709854,0.08490155516726584
Epithelial cells,APOA1,0.054017532616853714,0.06777663968722594
Epithelial cells,PECAM1,0.0,0.02609574688866127
Epithelial cells,VWF,0.009429697878658772,0.012485522818715565
Epithelial cells,COL1A1,0.06389101594686508,0.07698178385652026
Epithelial cells,DCN,0.01527429185807705,0.022279796214844716
Epithelial cells,RGS5,0.04688418284058571,0.06094809637618579
Epithelial cells,ACTA2,0.022968249395489693,0.037918499327187646
Hepatocyte,CD3D,0.13585138320922852,0.09447805380357832
Hepatocyte,CD3E,0.13334031403064728,0.08057665079160767
Hepatocyte,NKG7,0.22604693472385406,0.11487964989059081
Hepatocyte,GNLY,0.1410471796989441,0.051164886085725315
Hepatocyte,CD79A,0.0049483333714306355,0.008881451924314583
Hepatocyte,MS4A1,0.013728249818086624,0.016990603681297463
Hepatocyte,JCHAIN,0.0,0.03359505727892908
Hepatocyte,MZB1,0.0,0.013322177886471876
Hepatocyte,CD14,0.3442504107952118,0.2604582314326168
Hepatocyte,LYZ,0.41898536682128906,0.3723130390011585
Hepatocyte,FCGR3B,0.01069644745439291,0.016411378555798686
Hepatocyte,CSF3R,0.020030802115797997,0.03372377397348436
Hepatocyte,TPSAB1,0.0,0.007208134895095894
Hepatocyte,KIT,0.001024568104185164,0.0039258591839361565
Hepatocyte,EPCAM,0.6018130779266357,0.34573304157549234
Hepatocyte,KRT18,0.8663048148155212,0.6352168876303257
Hepatocyte,ALB,1.0,0.9248938087269919
Hepatocyte,APOA1,1.0,0.731496975157678
Hepatocyte,PECAM1,0.025225723162293434,0.04202600077230017
Hepatocyte,VWF,0.0,0.00469815935126786
Hepatocyte,COL1A1,0.03156811743974686,0.0377783498519758
Hepatocyte,DCN,0.0026251941453665495,0.008044793409705238
Hepatocyte,RGS5,0.01900521107017994,0.024777963701892135
Hepatocyte,ACTA2,0.040664639323949814,0.048719268889174924
Endothelial cells,CD3D,0.018073836341500282,0.03444876783398184
Endothelial cells,CD3E,0.01861717365682125,0.024332036316472114
Endothelial cells,NKG7,0.005411376710981131,0.022723735408560312
Endothelial cells,GNLY,0.0,0.022153047989623864
Endothelial cells,CD79A,0.02020256780087948,0.02894941634241245
Endothelial cells,MS4A1,0.022099554538726807,0.032944228274967575
Endothelial cells,JCHAIN,0.0752803385257721,0.14536964980544748
Endothelial cells,MZB1,0.011046080850064754,0.03325551232166018
Endothelial cells,CD14,0.07724130153656006,0.10376134889753567
Endothelial cells,LYZ,0.190439373254776,0.2969130998702983
Endothelial cells,FCGR3B,0.0,0.007367055771725033
Endothelial cells,CSF3R,0.0,0.01706874189364462
Endothelial cells,TPSAB1,0.006744522601366043,0.02012970168612192
Endothelial cells,KIT,0.06229844689369202,0.07252918287937743
Endothelial cells,EPCAM,0.11732854694128036,0.11901426718547341
Endothelial cells,KRT18,0.23849448561668396,0.3079118028534371
Endothelial cells,ALB,0.01766303740441799,0.03740596627756161
Endothelial cells,APOA1,0.03561747446656227,0.047626459143968874
Endothelial cells,PECAM1,1.0,0.8404669260700389
Endothelial cells,VWF,1.0,0.7952788586251621
Endothelial cells,COL1A1,0.08731713891029358,0.1037094682230869
Endothelial cells,DCN,0.032077908515930176,0.04332036316472114
Endothelial cells,RGS5,0.041748203337192535,0.06106355382619974
Endothelial cells,ACTA2,0.07530788332223892,0.094526588845655
Fibroblast,CD3D,0.0,0.023876404494382022
Fibroblast,CD3E,0.0046171885915100574,0.015194075587334014
Fibroblast,NKG7,0.001997159095481038,0.023621041879468847
Fibroblast,GNLY,0.0017888753209263086,0.023621041879468847
Fibroblast,CD79A,0.006459369324147701,0.01481103166496425
Fibroblast,MS4A1,0.005260486155748367,0.01238508682328907
Fibroblast,JCHAIN,0.09832897782325745,0.1830949948927477
Fibroblast,MZB1,0.01470277365297079,0.039070480081716034
Fibroblast,CD14,0.07772982120513916,0.1118488253319714
Fibroblast,LYZ,0.2514035999774933,0.39083248212461696
Fibroblast,FCGR3B,0.00817373301833868,0.02259959141981614
Fibroblast,CSF3R,0.008435058407485485,0.03498467824310521
Fibroblast,TPSAB1,0.009010267443954945,0.02336567926455567
Fibroblast,KIT,0.021917223930358887,0.0296220633299285
Fibroblast,EPCAM,0.14946305751800537,0.15398365679264556
Fibroblast,KRT18,0.30921223759651184,0.3927477017364658
Fibroblast,ALB,0.01047941017895937,0.030643513789581207
Fibroblast,APOA1,0.02178766019642353,0.03562308478038815
Fibroblast,PECAM1,0.002545583061873913,0.039708886618998976
Fibroblast,VWF,0.01660563051700592,0.025408580183861083
Fibroblast,COL1A1,1.0,0.9365423901940756
Fibroblast,DCN,1.0,0.9595250255362615
Fibroblast,RGS5,0.192423015832901,0.22446373850868234
Fibroblast,ACTA2,0.4655826687812805,0.4878702757916241
Pericyte,CD3D,0.00021956348791718483,0.02363112391930836
Pericyte,CD3E,0.0,0.013448607108549471
Pericyte,NKG7,0.0,0.024015369836695485
Pericyte,GNLY,0.0020466565620154142,0.02612872238232469
Pericyte,CD79A,0.0,0.008069164265129682
Pericyte,MS4A1,0.0,0.005763688760806916
Pericyte,JCHAIN,0.08519462496042252,0.1792507204610951
Pericyte,MZB1,0.010674367658793926,0.03650336215177714
Pericyte,CD14,0.03878258913755417,0.07435158501440922
Pericyte,LYZ,0.25463518500328064,0.38789625360230545
Pericyte,FCGR3B,0.001452961703762412,0.011527377521613832
Pericyte,CSF3R,0.00014911302423570305,0.019980787704130643
Pericyte,TPSAB1,0.00760264927521348,0.023054755043227664
Pericyte,KIT,0.0007785436464473605,0.004610951008645533
Pericyte,EPCAM,0.13229525089263916,0.14658981748318925
Pericyte,KRT18,0.5386989712715149,0.6176753121998079
Pericyte,ALB,0.013618141412734985,0.03611911623439001
Pericyte,APOA1,0.018670756369829178,0.03112391930835735
Pericyte,PECAM1,0.0023636561818420887,0.038232468780019215
Pericyte,VWF,0.032263610512018204,0.039961575408261285
Pericyte,COL1A1,0.8891893625259399,0.8680115273775216
Pericyte,DCN,0.45541104674339294,0.5296829971181556
Pericyte,RGS5,1.0,0.9631123919308358
Pericyte,ACTA2,1.0,0.8901056676272815
